"bates_number","processed"
"HOUSE_OVERSIGHT_011277",true
"HOUSE_OVERSIGHT_011280",true
"HOUSE_OVERSIGHT_011904",true
"HOUSE_OVERSIGHT_011907",true
"HOUSE_OVERSIGHT_012037",true
"HOUSE_OVERSIGHT_012044",true
"HOUSE_OVERSIGHT_012102",true
"HOUSE_OVERSIGHT_012684",true
"HOUSE_OVERSIGHT_012685",true
"HOUSE_OVERSIGHT_012711",true
"HOUSE_OVERSIGHT_012898",true
"HOUSE_OVERSIGHT_013405",true
"HOUSE_OVERSIGHT_013415",true
"HOUSE_OVERSIGHT_013460",true
"HOUSE_OVERSIGHT_013482",true
"HOUSE_OVERSIGHT_013484",true
"HOUSE_OVERSIGHT_014310",true
"HOUSE_OVERSIGHT_014312",true
"HOUSE_OVERSIGHT_014397",true
"HOUSE_OVERSIGHT_014516",true
"HOUSE_OVERSIGHT_014523",true
"HOUSE_OVERSIGHT_014525",false
"HOUSE_OVERSIGHT_014695",false
"HOUSE_OVERSIGHT_014717",false
"HOUSE_OVERSIGHT_014857",false
"HOUSE_OVERSIGHT_014860",false
"HOUSE_OVERSIGHT_015002",false
"HOUSE_OVERSIGHT_015015",false
"HOUSE_OVERSIGHT_016218",false
"HOUSE_OVERSIGHT_016413",false
"HOUSE_OVERSIGHT_016692",false
"HOUSE_OVERSIGHT_016693",false
"HOUSE_OVERSIGHT_016801",false
"HOUSE_OVERSIGHT_017523",false
"HOUSE_OVERSIGHT_017574",false
"HOUSE_OVERSIGHT_017581",false
"HOUSE_OVERSIGHT_017590",false
"HOUSE_OVERSIGHT_017827",false
"HOUSE_OVERSIGHT_018045",false
"HOUSE_OVERSIGHT_018084",false
"HOUSE_OVERSIGHT_018119",false
"HOUSE_OVERSIGHT_018158",false
"HOUSE_OVERSIGHT_018197",false
"HOUSE_OVERSIGHT_019105",false
"HOUSE_OVERSIGHT_019203",false
"HOUSE_OVERSIGHT_019211",false
"HOUSE_OVERSIGHT_019218",false
"HOUSE_OVERSIGHT_019219",false
"HOUSE_OVERSIGHT_019302",false
"HOUSE_OVERSIGHT_019305",false
"HOUSE_OVERSIGHT_019308",false
"HOUSE_OVERSIGHT_019312",false
"HOUSE_OVERSIGHT_019316",false
"HOUSE_OVERSIGHT_019321",false
"HOUSE_OVERSIGHT_019326",false
"HOUSE_OVERSIGHT_019330",false
"HOUSE_OVERSIGHT_019334",false
"HOUSE_OVERSIGHT_019338",false
"HOUSE_OVERSIGHT_019343",false
"HOUSE_OVERSIGHT_019348",false
"HOUSE_OVERSIGHT_019407",false
"HOUSE_OVERSIGHT_019409",false
"HOUSE_OVERSIGHT_019465",false
"HOUSE_OVERSIGHT_019467",false
"HOUSE_OVERSIGHT_019845",false
"HOUSE_OVERSIGHT_019873",false
"HOUSE_OVERSIGHT_020143",false
"HOUSE_OVERSIGHT_020437",false
"HOUSE_OVERSIGHT_020440",false
"HOUSE_OVERSIGHT_020443",false
"HOUSE_OVERSIGHT_020446",false
"HOUSE_OVERSIGHT_020660",false
"HOUSE_OVERSIGHT_020666",false
"HOUSE_OVERSIGHT_020815",false
"HOUSE_OVERSIGHT_020822",false
"HOUSE_OVERSIGHT_021096",false
"HOUSE_OVERSIGHT_021106",false
"HOUSE_OVERSIGHT_021113",false
"HOUSE_OVERSIGHT_021216",false
"HOUSE_OVERSIGHT_021223",false
"HOUSE_OVERSIGHT_021230",false
"HOUSE_OVERSIGHT_021231",false
"HOUSE_OVERSIGHT_021235",false
"HOUSE_OVERSIGHT_021241",false
"HOUSE_OVERSIGHT_021399",false
"HOUSE_OVERSIGHT_021400",false
"HOUSE_OVERSIGHT_021403",false
"HOUSE_OVERSIGHT_021406",false
"HOUSE_OVERSIGHT_021408",false
"HOUSE_OVERSIGHT_021416",false
"HOUSE_OVERSIGHT_021425",false
"HOUSE_OVERSIGHT_021729",false
"HOUSE_OVERSIGHT_021740",false
"HOUSE_OVERSIGHT_021749",false
"HOUSE_OVERSIGHT_021761",false
"HOUSE_OVERSIGHT_021764",false
"HOUSE_OVERSIGHT_021790",false
"HOUSE_OVERSIGHT_021794",false
"HOUSE_OVERSIGHT_021806",false
"HOUSE_OVERSIGHT_021808",false
"HOUSE_OVERSIGHT_021811",false
"HOUSE_OVERSIGHT_021814",false
"HOUSE_OVERSIGHT_021818",false
"HOUSE_OVERSIGHT_021823",false
"HOUSE_OVERSIGHT_021956",false
"HOUSE_OVERSIGHT_022187",false
"HOUSE_OVERSIGHT_022189",false
"HOUSE_OVERSIGHT_022190",false
"HOUSE_OVERSIGHT_022193",false
"HOUSE_OVERSIGHT_022197",false
"HOUSE_OVERSIGHT_022202",false
"HOUSE_OVERSIGHT_022203",false
"HOUSE_OVERSIGHT_022207",false
"HOUSE_OVERSIGHT_022214",false
"HOUSE_OVERSIGHT_022216",false
"HOUSE_OVERSIGHT_022219",false
"HOUSE_OVERSIGHT_022223",false
"HOUSE_OVERSIGHT_022226",false
"HOUSE_OVERSIGHT_022230",false
"HOUSE_OVERSIGHT_022234",false
"HOUSE_OVERSIGHT_022245",false
"HOUSE_OVERSIGHT_022247",false
"HOUSE_OVERSIGHT_022258",false
"HOUSE_OVERSIGHT_022260",false
"HOUSE_OVERSIGHT_022262",false
"HOUSE_OVERSIGHT_022265",false
"HOUSE_OVERSIGHT_022272",false
"HOUSE_OVERSIGHT_022275",false
"HOUSE_OVERSIGHT_022322",false
"HOUSE_OVERSIGHT_022346",false
"HOUSE_OVERSIGHT_022348",false
"HOUSE_OVERSIGHT_022359",false
"HOUSE_OVERSIGHT_022396",false
"HOUSE_OVERSIGHT_022397",false
"HOUSE_OVERSIGHT_022443",false
"HOUSE_OVERSIGHT_022444",false
"HOUSE_OVERSIGHT_022624",false
"HOUSE_OVERSIGHT_022656",false
"HOUSE_OVERSIGHT_022658",false
"HOUSE_OVERSIGHT_022660",false
"HOUSE_OVERSIGHT_022661",false
"HOUSE_OVERSIGHT_022663",false
"HOUSE_OVERSIGHT_022665",false
"HOUSE_OVERSIGHT_022667",false
"HOUSE_OVERSIGHT_022668",false
"HOUSE_OVERSIGHT_022670",false
"HOUSE_OVERSIGHT_022673",false
"HOUSE_OVERSIGHT_022684",false
"HOUSE_OVERSIGHT_022695",false
"HOUSE_OVERSIGHT_022766",false
"HOUSE_OVERSIGHT_022770",false
"HOUSE_OVERSIGHT_022771",false
"HOUSE_OVERSIGHT_022773",false
"HOUSE_OVERSIGHT_022776",false
"HOUSE_OVERSIGHT_022801",false
"HOUSE_OVERSIGHT_022805",false
"HOUSE_OVERSIGHT_022806",false
"HOUSE_OVERSIGHT_022808",false
"HOUSE_OVERSIGHT_022815",false
"HOUSE_OVERSIGHT_022817",false
"HOUSE_OVERSIGHT_022819",false
"HOUSE_OVERSIGHT_022822",false
"HOUSE_OVERSIGHT_022824",false
"HOUSE_OVERSIGHT_022825",false
"HOUSE_OVERSIGHT_022827",false
"HOUSE_OVERSIGHT_022829",false
"HOUSE_OVERSIGHT_022831",false
"HOUSE_OVERSIGHT_022834",false
"HOUSE_OVERSIGHT_022835",false
"HOUSE_OVERSIGHT_022837",false
"HOUSE_OVERSIGHT_022839",false
"HOUSE_OVERSIGHT_022841",false
"HOUSE_OVERSIGHT_022926",false
"HOUSE_OVERSIGHT_022936",false
"HOUSE_OVERSIGHT_022938",false
"HOUSE_OVERSIGHT_022941",false
"HOUSE_OVERSIGHT_022943",false
"HOUSE_OVERSIGHT_022944",false
"HOUSE_OVERSIGHT_022945",false
"HOUSE_OVERSIGHT_022947",false
"HOUSE_OVERSIGHT_022949",false
"HOUSE_OVERSIGHT_022977",false
"HOUSE_OVERSIGHT_022994",false
"HOUSE_OVERSIGHT_022998",false
"HOUSE_OVERSIGHT_023001",false
"HOUSE_OVERSIGHT_023018",false
"HOUSE_OVERSIGHT_023020",false
"HOUSE_OVERSIGHT_023022",false
"HOUSE_OVERSIGHT_023024",false
"HOUSE_OVERSIGHT_023026",false
"HOUSE_OVERSIGHT_023028",false
"HOUSE_OVERSIGHT_023044",false
"HOUSE_OVERSIGHT_023054",false
"HOUSE_OVERSIGHT_023067",false
"HOUSE_OVERSIGHT_023101",false
"HOUSE_OVERSIGHT_023126",false
"HOUSE_OVERSIGHT_023198",false
"HOUSE_OVERSIGHT_023201",false
"HOUSE_OVERSIGHT_023202",false
"HOUSE_OVERSIGHT_023205",false
"HOUSE_OVERSIGHT_023291",false
"HOUSE_OVERSIGHT_023418",false
"HOUSE_OVERSIGHT_023426",false
"HOUSE_OVERSIGHT_023427",false
"HOUSE_OVERSIGHT_023429",false
"HOUSE_OVERSIGHT_023431",false
"HOUSE_OVERSIGHT_023433",false
"HOUSE_OVERSIGHT_023440",false
"HOUSE_OVERSIGHT_023448",false
"HOUSE_OVERSIGHT_023545",false
"HOUSE_OVERSIGHT_023548",false
"HOUSE_OVERSIGHT_023550",false
"HOUSE_OVERSIGHT_023635",false
"HOUSE_OVERSIGHT_023661",false
"HOUSE_OVERSIGHT_023717",false
"HOUSE_OVERSIGHT_024251",false
"HOUSE_OVERSIGHT_024300",false
"HOUSE_OVERSIGHT_024384",false
"HOUSE_OVERSIGHT_024395",false
"HOUSE_OVERSIGHT_024407",false
"HOUSE_OVERSIGHT_024419",false
"HOUSE_OVERSIGHT_024624",false
"HOUSE_OVERSIGHT_024923",false
"HOUSE_OVERSIGHT_025028",false
"HOUSE_OVERSIGHT_025041",false
"HOUSE_OVERSIGHT_025100",false
"HOUSE_OVERSIGHT_025101",false
"HOUSE_OVERSIGHT_025105",false
"HOUSE_OVERSIGHT_025110",false
"HOUSE_OVERSIGHT_025116",false
"HOUSE_OVERSIGHT_025118",false
"HOUSE_OVERSIGHT_025121",false
"HOUSE_OVERSIGHT_025124",false
"HOUSE_OVERSIGHT_025128",false
"HOUSE_OVERSIGHT_025133",false
"HOUSE_OVERSIGHT_025139",false
"HOUSE_OVERSIGHT_025140",false
"HOUSE_OVERSIGHT_025163",false
"HOUSE_OVERSIGHT_025166",false
"HOUSE_OVERSIGHT_025169",false
"HOUSE_OVERSIGHT_025172",false
"HOUSE_OVERSIGHT_025176",false
"HOUSE_OVERSIGHT_025180",false
"HOUSE_OVERSIGHT_025185",false
"HOUSE_OVERSIGHT_025190",false
"HOUSE_OVERSIGHT_025195",false
"HOUSE_OVERSIGHT_025197",false
"HOUSE_OVERSIGHT_025199",false
"HOUSE_OVERSIGHT_025200",false
"HOUSE_OVERSIGHT_025202",false
"HOUSE_OVERSIGHT_025231",false
"HOUSE_OVERSIGHT_025291",false
"HOUSE_OVERSIGHT_025295",false
"HOUSE_OVERSIGHT_025310",false
"HOUSE_OVERSIGHT_025329",false
"HOUSE_OVERSIGHT_025347",false
"HOUSE_OVERSIGHT_025349",false
"HOUSE_OVERSIGHT_025361",false
"HOUSE_OVERSIGHT_025511",false
"HOUSE_OVERSIGHT_025514",false
"HOUSE_OVERSIGHT_025517",false
"HOUSE_OVERSIGHT_025520",false
"HOUSE_OVERSIGHT_025524",false
"HOUSE_OVERSIGHT_025528",false
"HOUSE_OVERSIGHT_025533",false
"HOUSE_OVERSIGHT_025537",false
"HOUSE_OVERSIGHT_025547",false
"HOUSE_OVERSIGHT_025548",false
"HOUSE_OVERSIGHT_025589",false
"HOUSE_OVERSIGHT_025591",false
"HOUSE_OVERSIGHT_025592",false
"HOUSE_OVERSIGHT_025594",true
"HOUSE_OVERSIGHT_025636",false
"HOUSE_OVERSIGHT_025639",false
"HOUSE_OVERSIGHT_025643",false
"HOUSE_OVERSIGHT_025647",false
"HOUSE_OVERSIGHT_025649",false
"HOUSE_OVERSIGHT_025651",false
"HOUSE_OVERSIGHT_025655",false
"HOUSE_OVERSIGHT_025660",true
"HOUSE_OVERSIGHT_025790",false
"HOUSE_OVERSIGHT_025812",false
"HOUSE_OVERSIGHT_025873",false
"HOUSE_OVERSIGHT_025874",false
"HOUSE_OVERSIGHT_025877",false
"HOUSE_OVERSIGHT_025878",false
"HOUSE_OVERSIGHT_025879",false
"HOUSE_OVERSIGHT_025882",false
"HOUSE_OVERSIGHT_025888",false
"HOUSE_OVERSIGHT_025893",false
"HOUSE_OVERSIGHT_025898",false
"HOUSE_OVERSIGHT_025904",false
"HOUSE_OVERSIGHT_025906",false
"HOUSE_OVERSIGHT_025908",false
"HOUSE_OVERSIGHT_025911",false
"HOUSE_OVERSIGHT_025918",false
"HOUSE_OVERSIGHT_025926",false
"HOUSE_OVERSIGHT_025935",false
"HOUSE_OVERSIGHT_025942",false
"HOUSE_OVERSIGHT_025944",false
"HOUSE_OVERSIGHT_025945",false
"HOUSE_OVERSIGHT_025946",false
"HOUSE_OVERSIGHT_025949",false
"HOUSE_OVERSIGHT_025954",false
"HOUSE_OVERSIGHT_025960",false
"HOUSE_OVERSIGHT_025967",false
"HOUSE_OVERSIGHT_025970",false
"HOUSE_OVERSIGHT_026005",false
"HOUSE_OVERSIGHT_026008",false
"HOUSE_OVERSIGHT_026018",false
"HOUSE_OVERSIGHT_026020",false
"HOUSE_OVERSIGHT_026024",false
"HOUSE_OVERSIGHT_026026",false
"HOUSE_OVERSIGHT_026028",false
"HOUSE_OVERSIGHT_026030",false
"HOUSE_OVERSIGHT_026033",false
"HOUSE_OVERSIGHT_026036",false
"HOUSE_OVERSIGHT_026041",false
"HOUSE_OVERSIGHT_026047",false
"HOUSE_OVERSIGHT_026049",false
"HOUSE_OVERSIGHT_026053",false
"HOUSE_OVERSIGHT_026055",false
"HOUSE_OVERSIGHT_026057",false
"HOUSE_OVERSIGHT_026059",false
"HOUSE_OVERSIGHT_026064",false
"HOUSE_OVERSIGHT_026069",false
"HOUSE_OVERSIGHT_026075",false
"HOUSE_OVERSIGHT_026076",false
"HOUSE_OVERSIGHT_026078",false
"HOUSE_OVERSIGHT_026080",false
"HOUSE_OVERSIGHT_026083",false
"HOUSE_OVERSIGHT_026086",false
"HOUSE_OVERSIGHT_026090",false
"HOUSE_OVERSIGHT_026094",false
"HOUSE_OVERSIGHT_026096",false
"HOUSE_OVERSIGHT_026098",false
"HOUSE_OVERSIGHT_026100",false
"HOUSE_OVERSIGHT_026103",false
"HOUSE_OVERSIGHT_026106",false
"HOUSE_OVERSIGHT_026110",false
"HOUSE_OVERSIGHT_026114",false
"HOUSE_OVERSIGHT_026118",false
"HOUSE_OVERSIGHT_026123",false
"HOUSE_OVERSIGHT_026128",false
"HOUSE_OVERSIGHT_026131",false
"HOUSE_OVERSIGHT_026159",false
"HOUSE_OVERSIGHT_026160",false
"HOUSE_OVERSIGHT_026161",false
"HOUSE_OVERSIGHT_026162",false
"HOUSE_OVERSIGHT_026165",false
"HOUSE_OVERSIGHT_026167",false
"HOUSE_OVERSIGHT_026168",false
"HOUSE_OVERSIGHT_026170",false
"HOUSE_OVERSIGHT_026173",false
"HOUSE_OVERSIGHT_026176",false
"HOUSE_OVERSIGHT_026180",false
"HOUSE_OVERSIGHT_026184",false
"HOUSE_OVERSIGHT_026188",false
"HOUSE_OVERSIGHT_026193",false
"HOUSE_OVERSIGHT_026198",false
"HOUSE_OVERSIGHT_026204",false
"HOUSE_OVERSIGHT_026210",false
"HOUSE_OVERSIGHT_026216",false
"HOUSE_OVERSIGHT_026218",false
"HOUSE_OVERSIGHT_026221",false
"HOUSE_OVERSIGHT_026224",false
"HOUSE_OVERSIGHT_026228",false
"HOUSE_OVERSIGHT_026232",false
"HOUSE_OVERSIGHT_026233",false
"HOUSE_OVERSIGHT_026234",false
"HOUSE_OVERSIGHT_026237",false
"HOUSE_OVERSIGHT_026242",false
"HOUSE_OVERSIGHT_026243",false
"HOUSE_OVERSIGHT_026245",false
"HOUSE_OVERSIGHT_026254",false
"HOUSE_OVERSIGHT_026255",false
"HOUSE_OVERSIGHT_026256",false
"HOUSE_OVERSIGHT_026258",false
"HOUSE_OVERSIGHT_026260",false
"HOUSE_OVERSIGHT_026263",false
"HOUSE_OVERSIGHT_026266",false
"HOUSE_OVERSIGHT_026267",false
"HOUSE_OVERSIGHT_026269",false
"HOUSE_OVERSIGHT_026270",false
"HOUSE_OVERSIGHT_026272",false
"HOUSE_OVERSIGHT_026273",false
"HOUSE_OVERSIGHT_026280",false
"HOUSE_OVERSIGHT_026287",false
"HOUSE_OVERSIGHT_026290",false
"HOUSE_OVERSIGHT_026294",false
"HOUSE_OVERSIGHT_026296",false
"HOUSE_OVERSIGHT_026310",false
"HOUSE_OVERSIGHT_026311",false
"HOUSE_OVERSIGHT_026317",false
"HOUSE_OVERSIGHT_026320",false
"HOUSE_OVERSIGHT_026321",false
"HOUSE_OVERSIGHT_026324",false
"HOUSE_OVERSIGHT_026326",false
"HOUSE_OVERSIGHT_026328",false
"HOUSE_OVERSIGHT_026329",false
"HOUSE_OVERSIGHT_026342",false
"HOUSE_OVERSIGHT_026343",false
"HOUSE_OVERSIGHT_026344",false
"HOUSE_OVERSIGHT_026345",false
"HOUSE_OVERSIGHT_026354",false
"HOUSE_OVERSIGHT_026355",false
"HOUSE_OVERSIGHT_026356",false
"HOUSE_OVERSIGHT_026360",false
"HOUSE_OVERSIGHT_026362",false
"HOUSE_OVERSIGHT_026369",false
"HOUSE_OVERSIGHT_026372",false
"HOUSE_OVERSIGHT_026376",false
"HOUSE_OVERSIGHT_026378",false
"HOUSE_OVERSIGHT_026381",false
"HOUSE_OVERSIGHT_026383",false
"HOUSE_OVERSIGHT_026393",false
"HOUSE_OVERSIGHT_026399",false
"HOUSE_OVERSIGHT_026406",false
"HOUSE_OVERSIGHT_026413",false
"HOUSE_OVERSIGHT_026422",false
"HOUSE_OVERSIGHT_026426",false
"HOUSE_OVERSIGHT_026428",false
"HOUSE_OVERSIGHT_026430",false
"HOUSE_OVERSIGHT_026431",false
"HOUSE_OVERSIGHT_026437",false
"HOUSE_OVERSIGHT_026438",false
"HOUSE_OVERSIGHT_026440",false
"HOUSE_OVERSIGHT_026442",false
"HOUSE_OVERSIGHT_026444",false
"HOUSE_OVERSIGHT_026445",false
"HOUSE_OVERSIGHT_026447",false
"HOUSE_OVERSIGHT_026448",false
"HOUSE_OVERSIGHT_026449",false
"HOUSE_OVERSIGHT_026450",false
"HOUSE_OVERSIGHT_026451",false
"HOUSE_OVERSIGHT_026455",false
"HOUSE_OVERSIGHT_026459",false
"HOUSE_OVERSIGHT_026460",false
"HOUSE_OVERSIGHT_026461",false
"HOUSE_OVERSIGHT_026463",false
"HOUSE_OVERSIGHT_026466",false
"HOUSE_OVERSIGHT_026469",false
"HOUSE_OVERSIGHT_026473",false
"HOUSE_OVERSIGHT_026474",false
"HOUSE_OVERSIGHT_026475",false
"HOUSE_OVERSIGHT_026477",false
"HOUSE_OVERSIGHT_026484",false
"HOUSE_OVERSIGHT_026491",false
"HOUSE_OVERSIGHT_026505",false
"HOUSE_OVERSIGHT_026507",false
"HOUSE_OVERSIGHT_026508",false
"HOUSE_OVERSIGHT_026512",false
"HOUSE_OVERSIGHT_026514",false
"HOUSE_OVERSIGHT_026515",false
"HOUSE_OVERSIGHT_026517",false
"HOUSE_OVERSIGHT_026519",false
"HOUSE_OVERSIGHT_026547",false
"HOUSE_OVERSIGHT_026548",false
"HOUSE_OVERSIGHT_026551",false
"HOUSE_OVERSIGHT_026563",false
"HOUSE_OVERSIGHT_026567",false
"HOUSE_OVERSIGHT_026569",false
"HOUSE_OVERSIGHT_026571",false
"HOUSE_OVERSIGHT_026601",false
"HOUSE_OVERSIGHT_026603",false
"HOUSE_OVERSIGHT_026605",false
"HOUSE_OVERSIGHT_026607",false
"HOUSE_OVERSIGHT_026612",false
"HOUSE_OVERSIGHT_026618",false
"HOUSE_OVERSIGHT_026619",false
"HOUSE_OVERSIGHT_026620",false
"HOUSE_OVERSIGHT_026623",false
"HOUSE_OVERSIGHT_026625",false
"HOUSE_OVERSIGHT_026626",false
"HOUSE_OVERSIGHT_026630",false
"HOUSE_OVERSIGHT_026635",false
"HOUSE_OVERSIGHT_026637",false
"HOUSE_OVERSIGHT_026650",false
"HOUSE_OVERSIGHT_026651",false
"HOUSE_OVERSIGHT_026659",false
"HOUSE_OVERSIGHT_026661",false
"HOUSE_OVERSIGHT_026662",false
"HOUSE_OVERSIGHT_026663",false
"HOUSE_OVERSIGHT_026672",false
"HOUSE_OVERSIGHT_026673",false
"HOUSE_OVERSIGHT_026674",false
"HOUSE_OVERSIGHT_026675",false
"HOUSE_OVERSIGHT_026677",false
"HOUSE_OVERSIGHT_026745",false
"HOUSE_OVERSIGHT_026751",false
"HOUSE_OVERSIGHT_026754",false
"HOUSE_OVERSIGHT_026764",false
"HOUSE_OVERSIGHT_026768",false
"HOUSE_OVERSIGHT_026777",false
"HOUSE_OVERSIGHT_026778",false
"HOUSE_OVERSIGHT_026786",false
"HOUSE_OVERSIGHT_026787",false
"HOUSE_OVERSIGHT_026788",false
"HOUSE_OVERSIGHT_026829",false
"HOUSE_OVERSIGHT_026834",false
"HOUSE_OVERSIGHT_026835",false
"HOUSE_OVERSIGHT_026840",false
"HOUSE_OVERSIGHT_026849",false
"HOUSE_OVERSIGHT_026852",false
"HOUSE_OVERSIGHT_026866",false
"HOUSE_OVERSIGHT_026893",false
"HOUSE_OVERSIGHT_026924",false
"HOUSE_OVERSIGHT_026934",false
"HOUSE_OVERSIGHT_026935",false
"HOUSE_OVERSIGHT_026936",false
"HOUSE_OVERSIGHT_026937",false
"HOUSE_OVERSIGHT_026938",false
"HOUSE_OVERSIGHT_026942",false
"HOUSE_OVERSIGHT_026975",false
"HOUSE_OVERSIGHT_026985",false
"HOUSE_OVERSIGHT_026998",false
"HOUSE_OVERSIGHT_026999",false
"HOUSE_OVERSIGHT_027028",false
"HOUSE_OVERSIGHT_027030",false
"HOUSE_OVERSIGHT_027032",false
"HOUSE_OVERSIGHT_027034",false
"HOUSE_OVERSIGHT_027035",false
"HOUSE_OVERSIGHT_027036",false
"HOUSE_OVERSIGHT_027038",false
"HOUSE_OVERSIGHT_027041",false
"HOUSE_OVERSIGHT_027044",false
"HOUSE_OVERSIGHT_027045",false
"HOUSE_OVERSIGHT_027046",false
"HOUSE_OVERSIGHT_027048",false
"HOUSE_OVERSIGHT_027049",false
"HOUSE_OVERSIGHT_027053",false
"HOUSE_OVERSIGHT_027056",false
"HOUSE_OVERSIGHT_027059",false
"HOUSE_OVERSIGHT_027061",false
"HOUSE_OVERSIGHT_027062",false
"HOUSE_OVERSIGHT_027063",false
"HOUSE_OVERSIGHT_027067",false
"HOUSE_OVERSIGHT_027094",false
"HOUSE_OVERSIGHT_027095",false
"HOUSE_OVERSIGHT_027097",false
"HOUSE_OVERSIGHT_027099",false
"HOUSE_OVERSIGHT_027102",false
"HOUSE_OVERSIGHT_027126",false
"HOUSE_OVERSIGHT_028482",false
"HOUSE_OVERSIGHT_028485",false
"HOUSE_OVERSIGHT_028486",false
"HOUSE_OVERSIGHT_028487",false
"HOUSE_OVERSIGHT_028493",false
"HOUSE_OVERSIGHT_028494",false
"HOUSE_OVERSIGHT_028497",false
"HOUSE_OVERSIGHT_028501",false
"HOUSE_OVERSIGHT_028505",false
"HOUSE_OVERSIGHT_028506",false
"HOUSE_OVERSIGHT_028507",false
"HOUSE_OVERSIGHT_028508",false
"HOUSE_OVERSIGHT_028524",false
"HOUSE_OVERSIGHT_028531",false
"HOUSE_OVERSIGHT_028533",false
"HOUSE_OVERSIGHT_028536",false
"HOUSE_OVERSIGHT_028576",false
"HOUSE_OVERSIGHT_028589",false
"HOUSE_OVERSIGHT_028601",false
"HOUSE_OVERSIGHT_028611",false
"HOUSE_OVERSIGHT_028620",false
"HOUSE_OVERSIGHT_028648",false
"HOUSE_OVERSIGHT_028675",false
"HOUSE_OVERSIGHT_028728",false
"HOUSE_OVERSIGHT_028752",false
"HOUSE_OVERSIGHT_028762",false
"HOUSE_OVERSIGHT_028765",false
"HOUSE_OVERSIGHT_028768",false
"HOUSE_OVERSIGHT_028770",false
"HOUSE_OVERSIGHT_028773",false
"HOUSE_OVERSIGHT_028775",false
"HOUSE_OVERSIGHT_028780",false
"HOUSE_OVERSIGHT_028781",false
"HOUSE_OVERSIGHT_028786",false
"HOUSE_OVERSIGHT_028787",false
"HOUSE_OVERSIGHT_028789",false
"HOUSE_OVERSIGHT_028791",false
"HOUSE_OVERSIGHT_028846",false
"HOUSE_OVERSIGHT_028847",false
"HOUSE_OVERSIGHT_028848",false
"HOUSE_OVERSIGHT_028850",false
"HOUSE_OVERSIGHT_028852",false
"HOUSE_OVERSIGHT_028854",false
"HOUSE_OVERSIGHT_028856",false
"HOUSE_OVERSIGHT_028859",false
"HOUSE_OVERSIGHT_028862",false
"HOUSE_OVERSIGHT_028866",false
"HOUSE_OVERSIGHT_028870",false
"HOUSE_OVERSIGHT_028875",false
"HOUSE_OVERSIGHT_028880",false
"HOUSE_OVERSIGHT_028882",false
"HOUSE_OVERSIGHT_028884",false
"HOUSE_OVERSIGHT_028924",false
"HOUSE_OVERSIGHT_028925",false
"HOUSE_OVERSIGHT_028926",false
"HOUSE_OVERSIGHT_028931",false
"HOUSE_OVERSIGHT_028933",false
"HOUSE_OVERSIGHT_028936",false
"HOUSE_OVERSIGHT_028939",false
"HOUSE_OVERSIGHT_028942",false
"HOUSE_OVERSIGHT_028943",false
"HOUSE_OVERSIGHT_028946",false
"HOUSE_OVERSIGHT_028950",false
"HOUSE_OVERSIGHT_028955",false
"HOUSE_OVERSIGHT_028957",false
"HOUSE_OVERSIGHT_028958",false
"HOUSE_OVERSIGHT_028960",false
"HOUSE_OVERSIGHT_028964",false
"HOUSE_OVERSIGHT_028968",false
"HOUSE_OVERSIGHT_028970",false
"HOUSE_OVERSIGHT_028972",false
"HOUSE_OVERSIGHT_028974",false
"HOUSE_OVERSIGHT_028976",false
"HOUSE_OVERSIGHT_028977",false
"HOUSE_OVERSIGHT_028978",false
"HOUSE_OVERSIGHT_028980",false
"HOUSE_OVERSIGHT_028985",false
"HOUSE_OVERSIGHT_028986",false
"HOUSE_OVERSIGHT_029003",false
"HOUSE_OVERSIGHT_029005",false
"HOUSE_OVERSIGHT_029007",false
"HOUSE_OVERSIGHT_029010",false
"HOUSE_OVERSIGHT_029013",false
"HOUSE_OVERSIGHT_029015",false
"HOUSE_OVERSIGHT_029017",false
"HOUSE_OVERSIGHT_029020",false
"HOUSE_OVERSIGHT_029021",false
"HOUSE_OVERSIGHT_029042",false
"HOUSE_OVERSIGHT_029063",false
"HOUSE_OVERSIGHT_029084",false
"HOUSE_OVERSIGHT_029085",false
"HOUSE_OVERSIGHT_029087",false
"HOUSE_OVERSIGHT_029088",false
"HOUSE_OVERSIGHT_029090",false
"HOUSE_OVERSIGHT_029092",false
"HOUSE_OVERSIGHT_029094",false
"HOUSE_OVERSIGHT_029095",false
"HOUSE_OVERSIGHT_029096",false
"HOUSE_OVERSIGHT_029098",false
"HOUSE_OVERSIGHT_029100",false
"HOUSE_OVERSIGHT_029106",false
"HOUSE_OVERSIGHT_029108",false
"HOUSE_OVERSIGHT_029111",false
"HOUSE_OVERSIGHT_029113",false
"HOUSE_OVERSIGHT_029117",false
"HOUSE_OVERSIGHT_029122",false
"HOUSE_OVERSIGHT_029126",false
"HOUSE_OVERSIGHT_029131",false
"HOUSE_OVERSIGHT_029137",false
"HOUSE_OVERSIGHT_029143",false
"HOUSE_OVERSIGHT_029150",false
"HOUSE_OVERSIGHT_029154",false
"HOUSE_OVERSIGHT_029163",false
"HOUSE_OVERSIGHT_029174",false
"HOUSE_OVERSIGHT_029180",false
"HOUSE_OVERSIGHT_029185",false
"HOUSE_OVERSIGHT_029190",false
"HOUSE_OVERSIGHT_029196",false
"HOUSE_OVERSIGHT_029203",false
"HOUSE_OVERSIGHT_029204",false
"HOUSE_OVERSIGHT_029207",false
"HOUSE_OVERSIGHT_029209",false
"HOUSE_OVERSIGHT_029211",false
"HOUSE_OVERSIGHT_029213",false
"HOUSE_OVERSIGHT_029218",false
"HOUSE_OVERSIGHT_029221",false
"HOUSE_OVERSIGHT_029223",false
"HOUSE_OVERSIGHT_029224",false
"HOUSE_OVERSIGHT_029225",false
"HOUSE_OVERSIGHT_029228",false
"HOUSE_OVERSIGHT_029231",false
"HOUSE_OVERSIGHT_029234",false
"HOUSE_OVERSIGHT_029237",false
"HOUSE_OVERSIGHT_029239",false
"HOUSE_OVERSIGHT_029242",false
"HOUSE_OVERSIGHT_029246",false
"HOUSE_OVERSIGHT_029251",false
"HOUSE_OVERSIGHT_029253",false
"HOUSE_OVERSIGHT_029255",false
"HOUSE_OVERSIGHT_029266",false
"HOUSE_OVERSIGHT_029269",false
"HOUSE_OVERSIGHT_029271",false
"HOUSE_OVERSIGHT_029272",false
"HOUSE_OVERSIGHT_029274",false
"HOUSE_OVERSIGHT_029276",false
"HOUSE_OVERSIGHT_029277",false
"HOUSE_OVERSIGHT_029279",false
"HOUSE_OVERSIGHT_029280",false
"HOUSE_OVERSIGHT_029282",false
"HOUSE_OVERSIGHT_029283",false
"HOUSE_OVERSIGHT_029285",false
"HOUSE_OVERSIGHT_029288",false
"HOUSE_OVERSIGHT_029291",false
"HOUSE_OVERSIGHT_029293",false
"HOUSE_OVERSIGHT_029295",false
"HOUSE_OVERSIGHT_029299",false
"HOUSE_OVERSIGHT_029324",false
"HOUSE_OVERSIGHT_029325",false
"HOUSE_OVERSIGHT_029336",false
"HOUSE_OVERSIGHT_029342",false
"HOUSE_OVERSIGHT_029344",false
"HOUSE_OVERSIGHT_029401",false
"HOUSE_OVERSIGHT_029402",false
"HOUSE_OVERSIGHT_029429",false
"HOUSE_OVERSIGHT_029431",false
"HOUSE_OVERSIGHT_029433",false
"HOUSE_OVERSIGHT_029437",false
"HOUSE_OVERSIGHT_029446",false
"HOUSE_OVERSIGHT_029447",false
"HOUSE_OVERSIGHT_029458",false
"HOUSE_OVERSIGHT_029497",false
"HOUSE_OVERSIGHT_029498",false
"HOUSE_OVERSIGHT_029499",false
"HOUSE_OVERSIGHT_029500",false
"HOUSE_OVERSIGHT_029501",false
"HOUSE_OVERSIGHT_029503",false
"HOUSE_OVERSIGHT_029505",false
"HOUSE_OVERSIGHT_029509",false
"HOUSE_OVERSIGHT_029516",false
"HOUSE_OVERSIGHT_029519",false
"HOUSE_OVERSIGHT_029530",false
"HOUSE_OVERSIGHT_029534",false
"HOUSE_OVERSIGHT_029545",false
"HOUSE_OVERSIGHT_029549",false
"HOUSE_OVERSIGHT_029553",false
"HOUSE_OVERSIGHT_029558",false
"HOUSE_OVERSIGHT_029565",false
"HOUSE_OVERSIGHT_029566",false
"HOUSE_OVERSIGHT_029569",false
"HOUSE_OVERSIGHT_029573",false
"HOUSE_OVERSIGHT_029575",false
"HOUSE_OVERSIGHT_029578",false
"HOUSE_OVERSIGHT_029581",false
"HOUSE_OVERSIGHT_029582",false
"HOUSE_OVERSIGHT_029583",false
"HOUSE_OVERSIGHT_029585",false
"HOUSE_OVERSIGHT_029587",false
"HOUSE_OVERSIGHT_029590",false
"HOUSE_OVERSIGHT_029593",false
"HOUSE_OVERSIGHT_029597",false
"HOUSE_OVERSIGHT_029600",false
"HOUSE_OVERSIGHT_029604",false
"HOUSE_OVERSIGHT_029605",false
"HOUSE_OVERSIGHT_029606",false
"HOUSE_OVERSIGHT_029609",false
"HOUSE_OVERSIGHT_029611",false
"HOUSE_OVERSIGHT_029616",false
"HOUSE_OVERSIGHT_029624",false
"HOUSE_OVERSIGHT_029658",false
"HOUSE_OVERSIGHT_029663",false
"HOUSE_OVERSIGHT_029671",false
"HOUSE_OVERSIGHT_029679",false
"HOUSE_OVERSIGHT_029680",false
"HOUSE_OVERSIGHT_029684",false
"HOUSE_OVERSIGHT_029689",false
"HOUSE_OVERSIGHT_029692",false
"HOUSE_OVERSIGHT_029773",false
"HOUSE_OVERSIGHT_029778",false
"HOUSE_OVERSIGHT_029779",false
"HOUSE_OVERSIGHT_029831",false
"HOUSE_OVERSIGHT_029833",false
"HOUSE_OVERSIGHT_029837",false
"HOUSE_OVERSIGHT_029839",false
"HOUSE_OVERSIGHT_029841",false
"HOUSE_OVERSIGHT_029848",false
"HOUSE_OVERSIGHT_029849",false
"HOUSE_OVERSIGHT_029851",false
"HOUSE_OVERSIGHT_029852",false
"HOUSE_OVERSIGHT_029854",false
"HOUSE_OVERSIGHT_029856",false
"HOUSE_OVERSIGHT_029858",false
"HOUSE_OVERSIGHT_029859",false
"HOUSE_OVERSIGHT_029864",false
"HOUSE_OVERSIGHT_029880",false
"HOUSE_OVERSIGHT_029884",false
"HOUSE_OVERSIGHT_029889",false
"HOUSE_OVERSIGHT_029893",false
"HOUSE_OVERSIGHT_029898",false
"HOUSE_OVERSIGHT_029899",false
"HOUSE_OVERSIGHT_029901",false
"HOUSE_OVERSIGHT_029903",false
"HOUSE_OVERSIGHT_029905",false
"HOUSE_OVERSIGHT_029907",false
"HOUSE_OVERSIGHT_029910",false
"HOUSE_OVERSIGHT_029912",false
"HOUSE_OVERSIGHT_029914",false
"HOUSE_OVERSIGHT_029923",false
"HOUSE_OVERSIGHT_029958",false
"HOUSE_OVERSIGHT_029959",false
"HOUSE_OVERSIGHT_029960",false
"HOUSE_OVERSIGHT_029962",false
"HOUSE_OVERSIGHT_029963",false
"HOUSE_OVERSIGHT_029968",false
"HOUSE_OVERSIGHT_029969",false
"HOUSE_OVERSIGHT_029970",false
"HOUSE_OVERSIGHT_029972",false
"HOUSE_OVERSIGHT_029973",false
"HOUSE_OVERSIGHT_029976",false
"HOUSE_OVERSIGHT_029977",false
"HOUSE_OVERSIGHT_029979",false
"HOUSE_OVERSIGHT_029981",false
"HOUSE_OVERSIGHT_029982",false
"HOUSE_OVERSIGHT_029983",false
"HOUSE_OVERSIGHT_029985",false
"HOUSE_OVERSIGHT_029992",false
"HOUSE_OVERSIGHT_030000",false
"HOUSE_OVERSIGHT_030002",false
"HOUSE_OVERSIGHT_030005",false
"HOUSE_OVERSIGHT_030015",false
"HOUSE_OVERSIGHT_030095",false
"HOUSE_OVERSIGHT_030096",false
"HOUSE_OVERSIGHT_030097",false
"HOUSE_OVERSIGHT_030098",false
"HOUSE_OVERSIGHT_030101",false
"HOUSE_OVERSIGHT_030105",false
"HOUSE_OVERSIGHT_030109",false
"HOUSE_OVERSIGHT_030113",false
"HOUSE_OVERSIGHT_030118",false
"HOUSE_OVERSIGHT_030123",false
"HOUSE_OVERSIGHT_030129",false
"HOUSE_OVERSIGHT_030135",false
"HOUSE_OVERSIGHT_030141",false
"HOUSE_OVERSIGHT_030149",false
"HOUSE_OVERSIGHT_030152",false
"HOUSE_OVERSIGHT_030200",false
"HOUSE_OVERSIGHT_030209",false
"HOUSE_OVERSIGHT_030211",false
"HOUSE_OVERSIGHT_030214",false
"HOUSE_OVERSIGHT_030215",false
"HOUSE_OVERSIGHT_030216",false
"HOUSE_OVERSIGHT_030217",false
"HOUSE_OVERSIGHT_030218",false
"HOUSE_OVERSIGHT_030235",false
"HOUSE_OVERSIGHT_030238",false
"HOUSE_OVERSIGHT_030242",false
"HOUSE_OVERSIGHT_030244",false
"HOUSE_OVERSIGHT_030245",false
"HOUSE_OVERSIGHT_030255",false
"HOUSE_OVERSIGHT_030266",false
"HOUSE_OVERSIGHT_030295",false
"HOUSE_OVERSIGHT_030299",false
"HOUSE_OVERSIGHT_030311",false
"HOUSE_OVERSIGHT_030315",false
"HOUSE_OVERSIGHT_030318",false
"HOUSE_OVERSIGHT_030321",false
"HOUSE_OVERSIGHT_030324",false
"HOUSE_OVERSIGHT_030326",false
"HOUSE_OVERSIGHT_030328",false
"HOUSE_OVERSIGHT_030335",false
"HOUSE_OVERSIGHT_030339",false
"HOUSE_OVERSIGHT_030343",false
"HOUSE_OVERSIGHT_030349",false
"HOUSE_OVERSIGHT_030350",false
"HOUSE_OVERSIGHT_030365",false
"HOUSE_OVERSIGHT_030366",false
"HOUSE_OVERSIGHT_030367",false
"HOUSE_OVERSIGHT_030368",false
"HOUSE_OVERSIGHT_030369",false
"HOUSE_OVERSIGHT_030371",false
"HOUSE_OVERSIGHT_030372",false
"HOUSE_OVERSIGHT_030373",false
"HOUSE_OVERSIGHT_030374",false
"HOUSE_OVERSIGHT_030375",false
"HOUSE_OVERSIGHT_030376",false
"HOUSE_OVERSIGHT_030377",false
"HOUSE_OVERSIGHT_030381",false
"HOUSE_OVERSIGHT_030382",false
"HOUSE_OVERSIGHT_030384",false
"HOUSE_OVERSIGHT_030386",false
"HOUSE_OVERSIGHT_030387",false
"HOUSE_OVERSIGHT_030396",false
"HOUSE_OVERSIGHT_030397",false
"HOUSE_OVERSIGHT_030398",false
"HOUSE_OVERSIGHT_030399",false
"HOUSE_OVERSIGHT_030400",false
"HOUSE_OVERSIGHT_030402",false
"HOUSE_OVERSIGHT_030406",false
"HOUSE_OVERSIGHT_030408",false
"HOUSE_OVERSIGHT_030410",false
"HOUSE_OVERSIGHT_030411",false
"HOUSE_OVERSIGHT_030413",false
"HOUSE_OVERSIGHT_030430",false
"HOUSE_OVERSIGHT_030431",false
"HOUSE_OVERSIGHT_030444",false
"HOUSE_OVERSIGHT_030445",false
"HOUSE_OVERSIGHT_030464",false
"HOUSE_OVERSIGHT_030467",false
"HOUSE_OVERSIGHT_030470",false
"HOUSE_OVERSIGHT_030472",false
"HOUSE_OVERSIGHT_030475",false
"HOUSE_OVERSIGHT_030478",false
"HOUSE_OVERSIGHT_030512",false
"HOUSE_OVERSIGHT_030514",false
"HOUSE_OVERSIGHT_030516",false
"HOUSE_OVERSIGHT_030519",false
"HOUSE_OVERSIGHT_030574",false
"HOUSE_OVERSIGHT_030587",false
"HOUSE_OVERSIGHT_030592",false
"HOUSE_OVERSIGHT_030596",false
"HOUSE_OVERSIGHT_030617",false
"HOUSE_OVERSIGHT_030618",false
"HOUSE_OVERSIGHT_030620",false
"HOUSE_OVERSIGHT_030622",false
"HOUSE_OVERSIGHT_030624",false
"HOUSE_OVERSIGHT_030626",false
"HOUSE_OVERSIGHT_030630",false
"HOUSE_OVERSIGHT_030631",false
"HOUSE_OVERSIGHT_030634",false
"HOUSE_OVERSIGHT_030635",false
"HOUSE_OVERSIGHT_030636",false
"HOUSE_OVERSIGHT_030637",false
"HOUSE_OVERSIGHT_030639",false
"HOUSE_OVERSIGHT_030641",false
"HOUSE_OVERSIGHT_030643",false
"HOUSE_OVERSIGHT_030646",false
"HOUSE_OVERSIGHT_030647",false
"HOUSE_OVERSIGHT_030648",false
"HOUSE_OVERSIGHT_030649",false
"HOUSE_OVERSIGHT_030651",false
"HOUSE_OVERSIGHT_030652",false
"HOUSE_OVERSIGHT_030653",false
"HOUSE_OVERSIGHT_030654",false
"HOUSE_OVERSIGHT_030655",false
"HOUSE_OVERSIGHT_030656",false
"HOUSE_OVERSIGHT_030659",false
"HOUSE_OVERSIGHT_030662",false
"HOUSE_OVERSIGHT_030666",false
"HOUSE_OVERSIGHT_030670",false
"HOUSE_OVERSIGHT_030674",false
"HOUSE_OVERSIGHT_030679",false
"HOUSE_OVERSIGHT_030683",false
"HOUSE_OVERSIGHT_030684",false
"HOUSE_OVERSIGHT_030686",false
"HOUSE_OVERSIGHT_030688",false
"HOUSE_OVERSIGHT_030689",false
"HOUSE_OVERSIGHT_030691",false
"HOUSE_OVERSIGHT_030693",false
"HOUSE_OVERSIGHT_030696",false
"HOUSE_OVERSIGHT_030699",false
"HOUSE_OVERSIGHT_030703",false
"HOUSE_OVERSIGHT_030706",false
"HOUSE_OVERSIGHT_030710",false
"HOUSE_OVERSIGHT_030711",false
"HOUSE_OVERSIGHT_030712",false
"HOUSE_OVERSIGHT_030714",false
"HOUSE_OVERSIGHT_030715",false
"HOUSE_OVERSIGHT_030716",false
"HOUSE_OVERSIGHT_030717",false
"HOUSE_OVERSIGHT_030719",false
"HOUSE_OVERSIGHT_030721",false
"HOUSE_OVERSIGHT_030722",false
"HOUSE_OVERSIGHT_030723",false
"HOUSE_OVERSIGHT_030724",false
"HOUSE_OVERSIGHT_030725",false
"HOUSE_OVERSIGHT_030727",false
"HOUSE_OVERSIGHT_030729",false
"HOUSE_OVERSIGHT_030731",false
"HOUSE_OVERSIGHT_030732",false
"HOUSE_OVERSIGHT_030733",false
"HOUSE_OVERSIGHT_030734",false
"HOUSE_OVERSIGHT_030736",false
"HOUSE_OVERSIGHT_030737",false
"HOUSE_OVERSIGHT_030738",false
"HOUSE_OVERSIGHT_030740",false
"HOUSE_OVERSIGHT_030741",false
"HOUSE_OVERSIGHT_030742",false
"HOUSE_OVERSIGHT_030743",false
"HOUSE_OVERSIGHT_030745",false
"HOUSE_OVERSIGHT_030748",false
"HOUSE_OVERSIGHT_030751",false
"HOUSE_OVERSIGHT_030752",false
"HOUSE_OVERSIGHT_030755",false
"HOUSE_OVERSIGHT_030757",false
"HOUSE_OVERSIGHT_030760",false
"HOUSE_OVERSIGHT_030761",false
"HOUSE_OVERSIGHT_030762",false
"HOUSE_OVERSIGHT_030764",false
"HOUSE_OVERSIGHT_030766",false
"HOUSE_OVERSIGHT_030767",false
"HOUSE_OVERSIGHT_030768",false
"HOUSE_OVERSIGHT_030770",false
"HOUSE_OVERSIGHT_030771",false
"HOUSE_OVERSIGHT_030773",false
"HOUSE_OVERSIGHT_030775",false
"HOUSE_OVERSIGHT_030777",false
"HOUSE_OVERSIGHT_030781",false
"HOUSE_OVERSIGHT_030784",false
"HOUSE_OVERSIGHT_030785",false
"HOUSE_OVERSIGHT_030786",false
"HOUSE_OVERSIGHT_030787",false
"HOUSE_OVERSIGHT_030788",false
"HOUSE_OVERSIGHT_030789",false
"HOUSE_OVERSIGHT_030790",false
"HOUSE_OVERSIGHT_030793",false
"HOUSE_OVERSIGHT_030794",false
"HOUSE_OVERSIGHT_030795",false
"HOUSE_OVERSIGHT_030797",false
"HOUSE_OVERSIGHT_030799",false
"HOUSE_OVERSIGHT_030801",false
"HOUSE_OVERSIGHT_030802",false
"HOUSE_OVERSIGHT_030804",false
"HOUSE_OVERSIGHT_030806",false
"HOUSE_OVERSIGHT_030807",false
"HOUSE_OVERSIGHT_030823",false
"HOUSE_OVERSIGHT_030856",false
"HOUSE_OVERSIGHT_030859",false
"HOUSE_OVERSIGHT_030861",false
"HOUSE_OVERSIGHT_030863",false
"HOUSE_OVERSIGHT_030865",false
"HOUSE_OVERSIGHT_030868",false
"HOUSE_OVERSIGHT_030871",false
"HOUSE_OVERSIGHT_030873",false
"HOUSE_OVERSIGHT_030874",false
"HOUSE_OVERSIGHT_030876",false
"HOUSE_OVERSIGHT_030878",false
"HOUSE_OVERSIGHT_030880",false
"HOUSE_OVERSIGHT_030881",false
"HOUSE_OVERSIGHT_030882",false
"HOUSE_OVERSIGHT_030883",false
"HOUSE_OVERSIGHT_030885",false
"HOUSE_OVERSIGHT_030886",false
"HOUSE_OVERSIGHT_030887",false
"HOUSE_OVERSIGHT_030889",false
"HOUSE_OVERSIGHT_030890",false
"HOUSE_OVERSIGHT_030892",false
"HOUSE_OVERSIGHT_030895",false
"HOUSE_OVERSIGHT_030899",false
"HOUSE_OVERSIGHT_030904",false
"HOUSE_OVERSIGHT_030909",false
"HOUSE_OVERSIGHT_030915",false
"HOUSE_OVERSIGHT_030920",false
"HOUSE_OVERSIGHT_030950",false
"HOUSE_OVERSIGHT_030954",false
"HOUSE_OVERSIGHT_030956",false
"HOUSE_OVERSIGHT_030957",false
"HOUSE_OVERSIGHT_030958",false
"HOUSE_OVERSIGHT_030962",false
"HOUSE_OVERSIGHT_030966",false
"HOUSE_OVERSIGHT_030967",false
"HOUSE_OVERSIGHT_030968",false
"HOUSE_OVERSIGHT_030970",false
"HOUSE_OVERSIGHT_030972",false
"HOUSE_OVERSIGHT_030974",false
"HOUSE_OVERSIGHT_030976",false
"HOUSE_OVERSIGHT_030978",false
"HOUSE_OVERSIGHT_030980",false
"HOUSE_OVERSIGHT_030983",false
"HOUSE_OVERSIGHT_030986",false
"HOUSE_OVERSIGHT_030987",false
"HOUSE_OVERSIGHT_030989",false
"HOUSE_OVERSIGHT_030992",false
"HOUSE_OVERSIGHT_030997",false
"HOUSE_OVERSIGHT_030999",false
"HOUSE_OVERSIGHT_031002",false
"HOUSE_OVERSIGHT_031005",false
"HOUSE_OVERSIGHT_031008",false
"HOUSE_OVERSIGHT_031011",false
"HOUSE_OVERSIGHT_031017",false
"HOUSE_OVERSIGHT_031018",false
"HOUSE_OVERSIGHT_031020",false
"HOUSE_OVERSIGHT_031022",false
"HOUSE_OVERSIGHT_031026",false
"HOUSE_OVERSIGHT_031031",false
"HOUSE_OVERSIGHT_031036",false
"HOUSE_OVERSIGHT_031038",false
"HOUSE_OVERSIGHT_031039",false
"HOUSE_OVERSIGHT_031040",false
"HOUSE_OVERSIGHT_031067",false
"HOUSE_OVERSIGHT_031069",false
"HOUSE_OVERSIGHT_031074",false
"HOUSE_OVERSIGHT_031079",false
"HOUSE_OVERSIGHT_031084",false
"HOUSE_OVERSIGHT_031086",false
"HOUSE_OVERSIGHT_031088",false
"HOUSE_OVERSIGHT_031089",false
"HOUSE_OVERSIGHT_031090",false
"HOUSE_OVERSIGHT_031096",false
"HOUSE_OVERSIGHT_031099",false
"HOUSE_OVERSIGHT_031102",false
"HOUSE_OVERSIGHT_031103",false
"HOUSE_OVERSIGHT_031106",false
"HOUSE_OVERSIGHT_031112",false
"HOUSE_OVERSIGHT_031118",false
"HOUSE_OVERSIGHT_031120",false
"HOUSE_OVERSIGHT_031125",false
"HOUSE_OVERSIGHT_031129",false
"HOUSE_OVERSIGHT_031130",false
"HOUSE_OVERSIGHT_031134",false
"HOUSE_OVERSIGHT_031135",false
"HOUSE_OVERSIGHT_031136",false
"HOUSE_OVERSIGHT_031152",false
"HOUSE_OVERSIGHT_031183",false
"HOUSE_OVERSIGHT_031192",false
"HOUSE_OVERSIGHT_031195",false
"HOUSE_OVERSIGHT_031203",false
"HOUSE_OVERSIGHT_031206",false
"HOUSE_OVERSIGHT_031213",false
"HOUSE_OVERSIGHT_031215",false
"HOUSE_OVERSIGHT_031217",false
"HOUSE_OVERSIGHT_031220",false
"HOUSE_OVERSIGHT_031221",false
"HOUSE_OVERSIGHT_031226",false
"HOUSE_OVERSIGHT_031227",false
"HOUSE_OVERSIGHT_031230",false
"HOUSE_OVERSIGHT_031233",false
"HOUSE_OVERSIGHT_031239",false
"HOUSE_OVERSIGHT_031246",false
"HOUSE_OVERSIGHT_031255",false
"HOUSE_OVERSIGHT_031263",false
"HOUSE_OVERSIGHT_031269",false
"HOUSE_OVERSIGHT_031281",false
"HOUSE_OVERSIGHT_031286",false
"HOUSE_OVERSIGHT_031291",false
"HOUSE_OVERSIGHT_031292",false
"HOUSE_OVERSIGHT_031294",false
"HOUSE_OVERSIGHT_031299",false
"HOUSE_OVERSIGHT_031301",false
"HOUSE_OVERSIGHT_031302",false
"HOUSE_OVERSIGHT_031307",false
"HOUSE_OVERSIGHT_031313",false
"HOUSE_OVERSIGHT_031319",false
"HOUSE_OVERSIGHT_031320",false
"HOUSE_OVERSIGHT_031325",false
"HOUSE_OVERSIGHT_031333",false
"HOUSE_OVERSIGHT_031335",false
"HOUSE_OVERSIGHT_031339",false
"HOUSE_OVERSIGHT_031340",false
"HOUSE_OVERSIGHT_031343",false
"HOUSE_OVERSIGHT_031344",false
"HOUSE_OVERSIGHT_031345",false
"HOUSE_OVERSIGHT_031346",false
"HOUSE_OVERSIGHT_031347",false
"HOUSE_OVERSIGHT_031350",false
"HOUSE_OVERSIGHT_031384",false
"HOUSE_OVERSIGHT_031388",false
"HOUSE_OVERSIGHT_031392",false
"HOUSE_OVERSIGHT_031399",false
"HOUSE_OVERSIGHT_031403",false
"HOUSE_OVERSIGHT_031407",false
"HOUSE_OVERSIGHT_031413",false
"HOUSE_OVERSIGHT_031418",false
"HOUSE_OVERSIGHT_031420",false
"HOUSE_OVERSIGHT_031423",false
"HOUSE_OVERSIGHT_031426",false
"HOUSE_OVERSIGHT_031427",false
"HOUSE_OVERSIGHT_031428",false
"HOUSE_OVERSIGHT_031432",false
"HOUSE_OVERSIGHT_031433",false
"HOUSE_OVERSIGHT_031441",false
"HOUSE_OVERSIGHT_031442",false
"HOUSE_OVERSIGHT_031445",false
"HOUSE_OVERSIGHT_031450",false
"HOUSE_OVERSIGHT_031451",false
"HOUSE_OVERSIGHT_031452",false
"HOUSE_OVERSIGHT_031454",false
"HOUSE_OVERSIGHT_031457",false
"HOUSE_OVERSIGHT_031460",false
"HOUSE_OVERSIGHT_031462",false
"HOUSE_OVERSIGHT_031464",false
"HOUSE_OVERSIGHT_031466",false
"HOUSE_OVERSIGHT_031467",false
"HOUSE_OVERSIGHT_031469",false
"HOUSE_OVERSIGHT_031470",false
"HOUSE_OVERSIGHT_031472",false
"HOUSE_OVERSIGHT_031480",false
"HOUSE_OVERSIGHT_031489",false
"HOUSE_OVERSIGHT_031491",false
"HOUSE_OVERSIGHT_031492",false
"HOUSE_OVERSIGHT_031496",false
"HOUSE_OVERSIGHT_031498",false
"HOUSE_OVERSIGHT_031501",false
"HOUSE_OVERSIGHT_031504",false
"HOUSE_OVERSIGHT_031507",false
"HOUSE_OVERSIGHT_031511",false
"HOUSE_OVERSIGHT_031516",false
"HOUSE_OVERSIGHT_031517",false
"HOUSE_OVERSIGHT_031518",false
"HOUSE_OVERSIGHT_031519",false
"HOUSE_OVERSIGHT_031521",false
"HOUSE_OVERSIGHT_031523",false
"HOUSE_OVERSIGHT_031526",false
"HOUSE_OVERSIGHT_031529",false
"HOUSE_OVERSIGHT_031531",false
"HOUSE_OVERSIGHT_031540",false
"HOUSE_OVERSIGHT_031541",false
"HOUSE_OVERSIGHT_031544",false
"HOUSE_OVERSIGHT_031545",false
"HOUSE_OVERSIGHT_031547",false
"HOUSE_OVERSIGHT_031549",false
"HOUSE_OVERSIGHT_031552",false
"HOUSE_OVERSIGHT_031555",false
"HOUSE_OVERSIGHT_031556",false
"HOUSE_OVERSIGHT_031559",false
"HOUSE_OVERSIGHT_031560",false
"HOUSE_OVERSIGHT_031563",false
"HOUSE_OVERSIGHT_031565",false
"HOUSE_OVERSIGHT_031566",false
"HOUSE_OVERSIGHT_031567",false
"HOUSE_OVERSIGHT_031569",false
"HOUSE_OVERSIGHT_031591",false
"HOUSE_OVERSIGHT_031593",false
"HOUSE_OVERSIGHT_031595",false
"HOUSE_OVERSIGHT_031596",false
"HOUSE_OVERSIGHT_031597",false
"HOUSE_OVERSIGHT_031599",false
"HOUSE_OVERSIGHT_031601",false
"HOUSE_OVERSIGHT_031604",false
"HOUSE_OVERSIGHT_031607",false
"HOUSE_OVERSIGHT_031610",false
"HOUSE_OVERSIGHT_031612",false
"HOUSE_OVERSIGHT_031614",false
"HOUSE_OVERSIGHT_031616",false
"HOUSE_OVERSIGHT_031618",false
"HOUSE_OVERSIGHT_031619",false
"HOUSE_OVERSIGHT_031622",false
"HOUSE_OVERSIGHT_031624",false
"HOUSE_OVERSIGHT_031627",false
"HOUSE_OVERSIGHT_031631",false
"HOUSE_OVERSIGHT_031636",false
"HOUSE_OVERSIGHT_031637",false
"HOUSE_OVERSIGHT_031639",false
"HOUSE_OVERSIGHT_031640",false
"HOUSE_OVERSIGHT_031642",false
"HOUSE_OVERSIGHT_031646",false
"HOUSE_OVERSIGHT_031649",false
"HOUSE_OVERSIGHT_031652",false
"HOUSE_OVERSIGHT_031656",false
"HOUSE_OVERSIGHT_031657",false
"HOUSE_OVERSIGHT_031659",false
"HOUSE_OVERSIGHT_031661",false
"HOUSE_OVERSIGHT_031662",false
"HOUSE_OVERSIGHT_031667",false
"HOUSE_OVERSIGHT_031668",false
"HOUSE_OVERSIGHT_031676",false
"HOUSE_OVERSIGHT_031679",false
"HOUSE_OVERSIGHT_031680",false
"HOUSE_OVERSIGHT_031681",false
"HOUSE_OVERSIGHT_031682",false
"HOUSE_OVERSIGHT_031683",false
"HOUSE_OVERSIGHT_031684",false
"HOUSE_OVERSIGHT_031686",false
"HOUSE_OVERSIGHT_031688",false
"HOUSE_OVERSIGHT_031691",false
"HOUSE_OVERSIGHT_031694",false
"HOUSE_OVERSIGHT_031696",false
"HOUSE_OVERSIGHT_031697",false
"HOUSE_OVERSIGHT_031699",false
"HOUSE_OVERSIGHT_031705",false
"HOUSE_OVERSIGHT_031708",false
"HOUSE_OVERSIGHT_031709",false
"HOUSE_OVERSIGHT_031710",false
"HOUSE_OVERSIGHT_031712",false
"HOUSE_OVERSIGHT_031714",false
"HOUSE_OVERSIGHT_031724",false
"HOUSE_OVERSIGHT_031728",false
"HOUSE_OVERSIGHT_031729",false
"HOUSE_OVERSIGHT_031732",false
"HOUSE_OVERSIGHT_031734",false
"HOUSE_OVERSIGHT_031735",false
"HOUSE_OVERSIGHT_031740",false
"HOUSE_OVERSIGHT_031742",false
"HOUSE_OVERSIGHT_031746",false
"HOUSE_OVERSIGHT_031748",false
"HOUSE_OVERSIGHT_031751",false
"HOUSE_OVERSIGHT_031764",false
"HOUSE_OVERSIGHT_031768",false
"HOUSE_OVERSIGHT_031770",false
"HOUSE_OVERSIGHT_031771",false
"HOUSE_OVERSIGHT_031772",false
"HOUSE_OVERSIGHT_031773",false
"HOUSE_OVERSIGHT_031774",false
"HOUSE_OVERSIGHT_031775",false
"HOUSE_OVERSIGHT_031779",false
"HOUSE_OVERSIGHT_031786",false
"HOUSE_OVERSIGHT_031787",false
"HOUSE_OVERSIGHT_031788",false
"HOUSE_OVERSIGHT_031789",false
"HOUSE_OVERSIGHT_031791",false
"HOUSE_OVERSIGHT_031795",false
"HOUSE_OVERSIGHT_031796",false
"HOUSE_OVERSIGHT_031798",false
"HOUSE_OVERSIGHT_031799",false
"HOUSE_OVERSIGHT_031800",false
"HOUSE_OVERSIGHT_031802",false
"HOUSE_OVERSIGHT_031803",false
"HOUSE_OVERSIGHT_031804",false
"HOUSE_OVERSIGHT_031806",false
"HOUSE_OVERSIGHT_031809",false
"HOUSE_OVERSIGHT_031813",false
"HOUSE_OVERSIGHT_031818",false
"HOUSE_OVERSIGHT_031822",false
"HOUSE_OVERSIGHT_031823",false
"HOUSE_OVERSIGHT_031824",false
"HOUSE_OVERSIGHT_031825",false
"HOUSE_OVERSIGHT_031826",false
"HOUSE_OVERSIGHT_031830",false
"HOUSE_OVERSIGHT_031912",false
"HOUSE_OVERSIGHT_031964",false
"HOUSE_OVERSIGHT_031973",false
"HOUSE_OVERSIGHT_031980",false
"HOUSE_OVERSIGHT_031983",false
"HOUSE_OVERSIGHT_031986",false
"HOUSE_OVERSIGHT_031988",false
"HOUSE_OVERSIGHT_031990",false
"HOUSE_OVERSIGHT_031992",false
"HOUSE_OVERSIGHT_031994",false
"HOUSE_OVERSIGHT_031996",false
"HOUSE_OVERSIGHT_031999",false
"HOUSE_OVERSIGHT_032005",false
"HOUSE_OVERSIGHT_032011",false
"HOUSE_OVERSIGHT_032012",false
"HOUSE_OVERSIGHT_032023",false
"HOUSE_OVERSIGHT_032048",false
"HOUSE_OVERSIGHT_032050",false
"HOUSE_OVERSIGHT_032051",false
"HOUSE_OVERSIGHT_032052",false
"HOUSE_OVERSIGHT_032054",false
"HOUSE_OVERSIGHT_032056",false
"HOUSE_OVERSIGHT_032057",false
"HOUSE_OVERSIGHT_032058",false
"HOUSE_OVERSIGHT_032060",false
"HOUSE_OVERSIGHT_032061",false
"HOUSE_OVERSIGHT_032062",false
"HOUSE_OVERSIGHT_032063",false
"HOUSE_OVERSIGHT_032064",false
"HOUSE_OVERSIGHT_032065",false
"HOUSE_OVERSIGHT_032066",false
"HOUSE_OVERSIGHT_032068",false
"HOUSE_OVERSIGHT_032157",false
"HOUSE_OVERSIGHT_032158",false
"HOUSE_OVERSIGHT_032162",false
"HOUSE_OVERSIGHT_032204",false
"HOUSE_OVERSIGHT_032206",false
"HOUSE_OVERSIGHT_032210",false
"HOUSE_OVERSIGHT_032212",false
"HOUSE_OVERSIGHT_032213",false
"HOUSE_OVERSIGHT_032214",false
"HOUSE_OVERSIGHT_032216",false
"HOUSE_OVERSIGHT_032217",false
"HOUSE_OVERSIGHT_032218",false
"HOUSE_OVERSIGHT_032219",false
"HOUSE_OVERSIGHT_032220",false
"HOUSE_OVERSIGHT_032221",false
"HOUSE_OVERSIGHT_032222",false
"HOUSE_OVERSIGHT_032223",false
"HOUSE_OVERSIGHT_032224",false
"HOUSE_OVERSIGHT_032226",false
"HOUSE_OVERSIGHT_032228",false
"HOUSE_OVERSIGHT_032229",false
"HOUSE_OVERSIGHT_032230",false
"HOUSE_OVERSIGHT_032231",false
"HOUSE_OVERSIGHT_032233",false
"HOUSE_OVERSIGHT_032235",false
"HOUSE_OVERSIGHT_032236",false
"HOUSE_OVERSIGHT_032238",false
"HOUSE_OVERSIGHT_032239",false
"HOUSE_OVERSIGHT_032241",false
"HOUSE_OVERSIGHT_032242",false
"HOUSE_OVERSIGHT_032243",false
"HOUSE_OVERSIGHT_032244",false
"HOUSE_OVERSIGHT_032246",false
"HOUSE_OVERSIGHT_032248",false
"HOUSE_OVERSIGHT_032250",false
"HOUSE_OVERSIGHT_032252",false
"HOUSE_OVERSIGHT_032253",false
"HOUSE_OVERSIGHT_032254",false
"HOUSE_OVERSIGHT_032256",false
"HOUSE_OVERSIGHT_032259",false
"HOUSE_OVERSIGHT_032261",false
"HOUSE_OVERSIGHT_032263",false
"HOUSE_OVERSIGHT_032264",false
"HOUSE_OVERSIGHT_032265",false
"HOUSE_OVERSIGHT_032267",false
"HOUSE_OVERSIGHT_032268",false
"HOUSE_OVERSIGHT_032269",false
"HOUSE_OVERSIGHT_032271",false
"HOUSE_OVERSIGHT_032272",false
"HOUSE_OVERSIGHT_032273",false
"HOUSE_OVERSIGHT_032274",false
"HOUSE_OVERSIGHT_032275",false
"HOUSE_OVERSIGHT_032277",false
"HOUSE_OVERSIGHT_032279",false
"HOUSE_OVERSIGHT_032280",false
"HOUSE_OVERSIGHT_032284",false
"HOUSE_OVERSIGHT_032285",false
"HOUSE_OVERSIGHT_032287",false
"HOUSE_OVERSIGHT_032289",false
"HOUSE_OVERSIGHT_032292",false
"HOUSE_OVERSIGHT_032296",false
"HOUSE_OVERSIGHT_032297",false
"HOUSE_OVERSIGHT_032301",false
"HOUSE_OVERSIGHT_032302",false
"HOUSE_OVERSIGHT_032303",false
"HOUSE_OVERSIGHT_032304",false
"HOUSE_OVERSIGHT_032306",false
"HOUSE_OVERSIGHT_032308",false
"HOUSE_OVERSIGHT_032309",false
"HOUSE_OVERSIGHT_032311",false
"HOUSE_OVERSIGHT_032312",false
"HOUSE_OVERSIGHT_032314",false
"HOUSE_OVERSIGHT_032317",false
"HOUSE_OVERSIGHT_032319",false
"HOUSE_OVERSIGHT_032320",false
"HOUSE_OVERSIGHT_032323",false
"HOUSE_OVERSIGHT_032325",false
"HOUSE_OVERSIGHT_032329",false
"HOUSE_OVERSIGHT_032331",false
"HOUSE_OVERSIGHT_032334",false
"HOUSE_OVERSIGHT_032336",false
"HOUSE_OVERSIGHT_032338",false
"HOUSE_OVERSIGHT_032339",false
"HOUSE_OVERSIGHT_032340",false
"HOUSE_OVERSIGHT_032341",false
"HOUSE_OVERSIGHT_032342",false
"HOUSE_OVERSIGHT_032343",false
"HOUSE_OVERSIGHT_032344",false
"HOUSE_OVERSIGHT_032346",false
"HOUSE_OVERSIGHT_032348",false
"HOUSE_OVERSIGHT_032349",false
"HOUSE_OVERSIGHT_032350",false
"HOUSE_OVERSIGHT_032351",false
"HOUSE_OVERSIGHT_032353",false
"HOUSE_OVERSIGHT_032355",false
"HOUSE_OVERSIGHT_032358",false
"HOUSE_OVERSIGHT_032359",false
"HOUSE_OVERSIGHT_032360",false
"HOUSE_OVERSIGHT_032362",false
"HOUSE_OVERSIGHT_032363",false
"HOUSE_OVERSIGHT_032365",false
"HOUSE_OVERSIGHT_032366",false
"HOUSE_OVERSIGHT_032367",false
"HOUSE_OVERSIGHT_032369",false
"HOUSE_OVERSIGHT_032370",false
"HOUSE_OVERSIGHT_032372",false
"HOUSE_OVERSIGHT_032374",false
"HOUSE_OVERSIGHT_032375",false
"HOUSE_OVERSIGHT_032376",false
"HOUSE_OVERSIGHT_032378",false
"HOUSE_OVERSIGHT_032379",false
"HOUSE_OVERSIGHT_032381",false
"HOUSE_OVERSIGHT_032383",false
"HOUSE_OVERSIGHT_032384",false
"HOUSE_OVERSIGHT_032386",false
"HOUSE_OVERSIGHT_032387",false
"HOUSE_OVERSIGHT_032388",false
"HOUSE_OVERSIGHT_032389",false
"HOUSE_OVERSIGHT_032390",false
"HOUSE_OVERSIGHT_032391",false
"HOUSE_OVERSIGHT_032393",false
"HOUSE_OVERSIGHT_032394",false
"HOUSE_OVERSIGHT_032395",false
"HOUSE_OVERSIGHT_032396",false
"HOUSE_OVERSIGHT_032398",false
"HOUSE_OVERSIGHT_032404",false
"HOUSE_OVERSIGHT_032405",false
"HOUSE_OVERSIGHT_032414",false
"HOUSE_OVERSIGHT_032415",false
"HOUSE_OVERSIGHT_032417",false
"HOUSE_OVERSIGHT_032419",false
"HOUSE_OVERSIGHT_032422",false
"HOUSE_OVERSIGHT_032423",false
"HOUSE_OVERSIGHT_032424",false
"HOUSE_OVERSIGHT_032426",false
"HOUSE_OVERSIGHT_032428",false
"HOUSE_OVERSIGHT_032430",false
"HOUSE_OVERSIGHT_032433",false
"HOUSE_OVERSIGHT_032436",false
"HOUSE_OVERSIGHT_032437",false
"HOUSE_OVERSIGHT_032439",false
"HOUSE_OVERSIGHT_032441",false
"HOUSE_OVERSIGHT_032443",false
"HOUSE_OVERSIGHT_032444",false
"HOUSE_OVERSIGHT_032446",false
"HOUSE_OVERSIGHT_032448",false
"HOUSE_OVERSIGHT_032449",false
"HOUSE_OVERSIGHT_032451",false
"HOUSE_OVERSIGHT_032453",false
"HOUSE_OVERSIGHT_032455",false
"HOUSE_OVERSIGHT_032456",false
"HOUSE_OVERSIGHT_032457",false
"HOUSE_OVERSIGHT_032458",false
"HOUSE_OVERSIGHT_032461",false
"HOUSE_OVERSIGHT_032464",false
"HOUSE_OVERSIGHT_032467",false
"HOUSE_OVERSIGHT_032471",false
"HOUSE_OVERSIGHT_032472",false
"HOUSE_OVERSIGHT_032474",false
"HOUSE_OVERSIGHT_032475",false
"HOUSE_OVERSIGHT_032476",false
"HOUSE_OVERSIGHT_032478",false
"HOUSE_OVERSIGHT_032480",false
"HOUSE_OVERSIGHT_032484",false
"HOUSE_OVERSIGHT_032485",false
"HOUSE_OVERSIGHT_032486",false
"HOUSE_OVERSIGHT_032491",false
"HOUSE_OVERSIGHT_032496",false
"HOUSE_OVERSIGHT_032502",false
"HOUSE_OVERSIGHT_032503",false
"HOUSE_OVERSIGHT_032504",false
"HOUSE_OVERSIGHT_032506",false
"HOUSE_OVERSIGHT_032507",false
"HOUSE_OVERSIGHT_032509",false
"HOUSE_OVERSIGHT_032511",false
"HOUSE_OVERSIGHT_032512",false
"HOUSE_OVERSIGHT_032513",false
"HOUSE_OVERSIGHT_032517",false
"HOUSE_OVERSIGHT_032518",false
"HOUSE_OVERSIGHT_032519",false
"HOUSE_OVERSIGHT_032520",false
"HOUSE_OVERSIGHT_032522",false
"HOUSE_OVERSIGHT_032524",false
"HOUSE_OVERSIGHT_032525",false
"HOUSE_OVERSIGHT_032526",false
"HOUSE_OVERSIGHT_032527",false
"HOUSE_OVERSIGHT_032529",false
"HOUSE_OVERSIGHT_032530",false
"HOUSE_OVERSIGHT_032531",false
"HOUSE_OVERSIGHT_032532",false
"HOUSE_OVERSIGHT_032534",false
"HOUSE_OVERSIGHT_032536",false
"HOUSE_OVERSIGHT_032538",false
"HOUSE_OVERSIGHT_032541",false
"HOUSE_OVERSIGHT_032542",false
"HOUSE_OVERSIGHT_032543",false
"HOUSE_OVERSIGHT_032544",false
"HOUSE_OVERSIGHT_032546",false
"HOUSE_OVERSIGHT_032547",false
"HOUSE_OVERSIGHT_032550",false
"HOUSE_OVERSIGHT_032551",false
"HOUSE_OVERSIGHT_032552",false
"HOUSE_OVERSIGHT_032553",false
"HOUSE_OVERSIGHT_032554",false
"HOUSE_OVERSIGHT_032555",false
"HOUSE_OVERSIGHT_032556",false
"HOUSE_OVERSIGHT_032558",false
"HOUSE_OVERSIGHT_032560",false
"HOUSE_OVERSIGHT_032562",false
"HOUSE_OVERSIGHT_032563",false
"HOUSE_OVERSIGHT_032564",false
"HOUSE_OVERSIGHT_032565",false
"HOUSE_OVERSIGHT_032567",false
"HOUSE_OVERSIGHT_032570",false
"HOUSE_OVERSIGHT_032571",false
"HOUSE_OVERSIGHT_032573",false
"HOUSE_OVERSIGHT_032575",false
"HOUSE_OVERSIGHT_032577",false
"HOUSE_OVERSIGHT_032579",false
"HOUSE_OVERSIGHT_032581",false
"HOUSE_OVERSIGHT_032582",false
"HOUSE_OVERSIGHT_032585",false
"HOUSE_OVERSIGHT_032588",false
"HOUSE_OVERSIGHT_032591",false
"HOUSE_OVERSIGHT_032595",false
"HOUSE_OVERSIGHT_032599",false
"HOUSE_OVERSIGHT_032604",false
"HOUSE_OVERSIGHT_032605",false
"HOUSE_OVERSIGHT_032606",false
"HOUSE_OVERSIGHT_032607",false
"HOUSE_OVERSIGHT_032609",false
"HOUSE_OVERSIGHT_032611",false
"HOUSE_OVERSIGHT_032616",false
"HOUSE_OVERSIGHT_032622",false
"HOUSE_OVERSIGHT_032628",false
"HOUSE_OVERSIGHT_032629",false
"HOUSE_OVERSIGHT_032631",false
"HOUSE_OVERSIGHT_032633",false
"HOUSE_OVERSIGHT_032634",false
"HOUSE_OVERSIGHT_032635",false
"HOUSE_OVERSIGHT_032636",false
"HOUSE_OVERSIGHT_032637",false
"HOUSE_OVERSIGHT_032643",false
"HOUSE_OVERSIGHT_032647",false
"HOUSE_OVERSIGHT_032648",false
"HOUSE_OVERSIGHT_032650",false
"HOUSE_OVERSIGHT_032652",false
"HOUSE_OVERSIGHT_032654",false
"HOUSE_OVERSIGHT_032657",false
"HOUSE_OVERSIGHT_032659",false
"HOUSE_OVERSIGHT_032660",false
"HOUSE_OVERSIGHT_032663",false
"HOUSE_OVERSIGHT_032667",false
"HOUSE_OVERSIGHT_032671",false
"HOUSE_OVERSIGHT_032672",false
"HOUSE_OVERSIGHT_032676",false
"HOUSE_OVERSIGHT_032681",false
"HOUSE_OVERSIGHT_032682",false
"HOUSE_OVERSIGHT_032687",false
"HOUSE_OVERSIGHT_032688",false
"HOUSE_OVERSIGHT_032689",false
"HOUSE_OVERSIGHT_032690",false
"HOUSE_OVERSIGHT_032692",false
"HOUSE_OVERSIGHT_032694",false
"HOUSE_OVERSIGHT_032697",false
"HOUSE_OVERSIGHT_032699",false
"HOUSE_OVERSIGHT_032702",false
"HOUSE_OVERSIGHT_032703",false
"HOUSE_OVERSIGHT_032706",false
"HOUSE_OVERSIGHT_032707",false
"HOUSE_OVERSIGHT_032708",false
"HOUSE_OVERSIGHT_032709",false
"HOUSE_OVERSIGHT_032710",false
"HOUSE_OVERSIGHT_032711",false
"HOUSE_OVERSIGHT_032712",false
"HOUSE_OVERSIGHT_032714",false
"HOUSE_OVERSIGHT_032716",false
"HOUSE_OVERSIGHT_032719",false
"HOUSE_OVERSIGHT_032720",false
"HOUSE_OVERSIGHT_032722",false
"HOUSE_OVERSIGHT_032725",false
"HOUSE_OVERSIGHT_032727",false
"HOUSE_OVERSIGHT_032728",false
"HOUSE_OVERSIGHT_032729",false
"HOUSE_OVERSIGHT_032730",false
"HOUSE_OVERSIGHT_032731",false
"HOUSE_OVERSIGHT_032732",false
"HOUSE_OVERSIGHT_032733",false
"HOUSE_OVERSIGHT_032736",false
"HOUSE_OVERSIGHT_032737",false
"HOUSE_OVERSIGHT_032739",false
"HOUSE_OVERSIGHT_032741",false
"HOUSE_OVERSIGHT_032744",false
"HOUSE_OVERSIGHT_032745",false
"HOUSE_OVERSIGHT_032748",false
"HOUSE_OVERSIGHT_032752",false
"HOUSE_OVERSIGHT_032756",false
"HOUSE_OVERSIGHT_032760",false
"HOUSE_OVERSIGHT_032762",false
"HOUSE_OVERSIGHT_032764",false
"HOUSE_OVERSIGHT_032765",false
"HOUSE_OVERSIGHT_032766",false
"HOUSE_OVERSIGHT_032767",false
"HOUSE_OVERSIGHT_032768",false
"HOUSE_OVERSIGHT_032769",false
"HOUSE_OVERSIGHT_032770",false
"HOUSE_OVERSIGHT_032771",false
"HOUSE_OVERSIGHT_032773",false
"HOUSE_OVERSIGHT_032774",false
"HOUSE_OVERSIGHT_032775",false
"HOUSE_OVERSIGHT_032776",false
"HOUSE_OVERSIGHT_032777",false
"HOUSE_OVERSIGHT_032778",false
"HOUSE_OVERSIGHT_032779",false
"HOUSE_OVERSIGHT_032780",false
"HOUSE_OVERSIGHT_032782",false
"HOUSE_OVERSIGHT_032785",false
"HOUSE_OVERSIGHT_032788",false
"HOUSE_OVERSIGHT_032792",false
"HOUSE_OVERSIGHT_032793",false
"HOUSE_OVERSIGHT_032795",false
"HOUSE_OVERSIGHT_032796",false
"HOUSE_OVERSIGHT_032798",false
"HOUSE_OVERSIGHT_032800",false
"HOUSE_OVERSIGHT_032801",false
"HOUSE_OVERSIGHT_032802",false
"HOUSE_OVERSIGHT_032803",false
"HOUSE_OVERSIGHT_032804",false
"HOUSE_OVERSIGHT_032806",false
"HOUSE_OVERSIGHT_032811",false
"HOUSE_OVERSIGHT_032812",false
"HOUSE_OVERSIGHT_032813",false
"HOUSE_OVERSIGHT_032814",false
"HOUSE_OVERSIGHT_032816",false
"HOUSE_OVERSIGHT_032818",false
"HOUSE_OVERSIGHT_032821",false
"HOUSE_OVERSIGHT_032825",false
"HOUSE_OVERSIGHT_032827",false
"HOUSE_OVERSIGHT_032828",false
"HOUSE_OVERSIGHT_032829",false
"HOUSE_OVERSIGHT_032832",false
"HOUSE_OVERSIGHT_032834",false
"HOUSE_OVERSIGHT_032835",false
"HOUSE_OVERSIGHT_032836",false
"HOUSE_OVERSIGHT_032838",false
"HOUSE_OVERSIGHT_032839",false
"HOUSE_OVERSIGHT_032840",false
"HOUSE_OVERSIGHT_032842",false
"HOUSE_OVERSIGHT_032845",false
"HOUSE_OVERSIGHT_032846",false
"HOUSE_OVERSIGHT_032848",false
"HOUSE_OVERSIGHT_032850",false
"HOUSE_OVERSIGHT_032851",false
"HOUSE_OVERSIGHT_032853",false
"HOUSE_OVERSIGHT_032854",false
"HOUSE_OVERSIGHT_032855",false
"HOUSE_OVERSIGHT_032857",false
"HOUSE_OVERSIGHT_032858",false
"HOUSE_OVERSIGHT_032861",false
"HOUSE_OVERSIGHT_032864",false
"HOUSE_OVERSIGHT_032865",false
"HOUSE_OVERSIGHT_032868",false
"HOUSE_OVERSIGHT_032869",false
"HOUSE_OVERSIGHT_032871",false
"HOUSE_OVERSIGHT_032873",false
"HOUSE_OVERSIGHT_032876",false
"HOUSE_OVERSIGHT_032877",false
"HOUSE_OVERSIGHT_032878",false
"HOUSE_OVERSIGHT_032880",false
"HOUSE_OVERSIGHT_032882",false
"HOUSE_OVERSIGHT_032883",false
"HOUSE_OVERSIGHT_032885",false
"HOUSE_OVERSIGHT_032888",false
"HOUSE_OVERSIGHT_032891",false
"HOUSE_OVERSIGHT_032892",false
"HOUSE_OVERSIGHT_032894",false
"HOUSE_OVERSIGHT_032896",false
"HOUSE_OVERSIGHT_032897",false
"HOUSE_OVERSIGHT_032899",false
"HOUSE_OVERSIGHT_032902",false
"HOUSE_OVERSIGHT_032903",false
"HOUSE_OVERSIGHT_032904",false
"HOUSE_OVERSIGHT_032906",false
"HOUSE_OVERSIGHT_032908",false
"HOUSE_OVERSIGHT_032910",false
"HOUSE_OVERSIGHT_032912",false
"HOUSE_OVERSIGHT_032913",false
"HOUSE_OVERSIGHT_032914",false
"HOUSE_OVERSIGHT_032915",false
"HOUSE_OVERSIGHT_032916",false
"HOUSE_OVERSIGHT_032918",false
"HOUSE_OVERSIGHT_032921",false
"HOUSE_OVERSIGHT_032924",false
"HOUSE_OVERSIGHT_032927",false
"HOUSE_OVERSIGHT_032931",false
"HOUSE_OVERSIGHT_032935",false
"HOUSE_OVERSIGHT_032936",false
"HOUSE_OVERSIGHT_032937",false
"HOUSE_OVERSIGHT_032938",false
"HOUSE_OVERSIGHT_032939",false
"HOUSE_OVERSIGHT_032940",false
"HOUSE_OVERSIGHT_032941",false
"HOUSE_OVERSIGHT_032942",false
"HOUSE_OVERSIGHT_032943",false
"HOUSE_OVERSIGHT_032944",false
"HOUSE_OVERSIGHT_032946",false
"HOUSE_OVERSIGHT_032948",false
"HOUSE_OVERSIGHT_032949",false
"HOUSE_OVERSIGHT_032951",false
"HOUSE_OVERSIGHT_032952",false
"HOUSE_OVERSIGHT_032953",false
"HOUSE_OVERSIGHT_032955",false
"HOUSE_OVERSIGHT_032956",false
"HOUSE_OVERSIGHT_032957",false
"HOUSE_OVERSIGHT_032958",false
"HOUSE_OVERSIGHT_032961",false
"HOUSE_OVERSIGHT_032963",false
"HOUSE_OVERSIGHT_032964",false
"HOUSE_OVERSIGHT_032968",false
"HOUSE_OVERSIGHT_032972",false
"HOUSE_OVERSIGHT_032974",false
"HOUSE_OVERSIGHT_032975",false
"HOUSE_OVERSIGHT_032980",false
"HOUSE_OVERSIGHT_032982",false
"HOUSE_OVERSIGHT_032983",false
"HOUSE_OVERSIGHT_032985",false
"HOUSE_OVERSIGHT_032988",false
"HOUSE_OVERSIGHT_032989",false
"HOUSE_OVERSIGHT_032990",false
"HOUSE_OVERSIGHT_032992",false
"HOUSE_OVERSIGHT_032994",false
"HOUSE_OVERSIGHT_032995",false
"HOUSE_OVERSIGHT_032997",false
"HOUSE_OVERSIGHT_032998",false
"HOUSE_OVERSIGHT_032999",false
"HOUSE_OVERSIGHT_033000",false
"HOUSE_OVERSIGHT_033001",false
"HOUSE_OVERSIGHT_033003",false
"HOUSE_OVERSIGHT_033004",false
"HOUSE_OVERSIGHT_033005",false
"HOUSE_OVERSIGHT_033007",false
"HOUSE_OVERSIGHT_033008",false
"HOUSE_OVERSIGHT_033011",false
"HOUSE_OVERSIGHT_033012",false
"HOUSE_OVERSIGHT_033013",false
"HOUSE_OVERSIGHT_033014",false
"HOUSE_OVERSIGHT_033015",false
"HOUSE_OVERSIGHT_033016",false
"HOUSE_OVERSIGHT_033019",false
"HOUSE_OVERSIGHT_033020",false
"HOUSE_OVERSIGHT_033021",false
"HOUSE_OVERSIGHT_033022",false
"HOUSE_OVERSIGHT_033023",false
"HOUSE_OVERSIGHT_033025",false
"HOUSE_OVERSIGHT_033027",false
"HOUSE_OVERSIGHT_033030",false
"HOUSE_OVERSIGHT_033033",false
"HOUSE_OVERSIGHT_033039",false
"HOUSE_OVERSIGHT_033041",false
"HOUSE_OVERSIGHT_033043",false
"HOUSE_OVERSIGHT_033044",false
"HOUSE_OVERSIGHT_033045",false
"HOUSE_OVERSIGHT_033047",false
"HOUSE_OVERSIGHT_033050",false
"HOUSE_OVERSIGHT_033052",false
"HOUSE_OVERSIGHT_033053",false
"HOUSE_OVERSIGHT_033055",false
"HOUSE_OVERSIGHT_033057",false
"HOUSE_OVERSIGHT_033059",false
"HOUSE_OVERSIGHT_033062",false
"HOUSE_OVERSIGHT_033063",false
"HOUSE_OVERSIGHT_033064",false
"HOUSE_OVERSIGHT_033066",false
"HOUSE_OVERSIGHT_033068",false
"HOUSE_OVERSIGHT_033071",false
"HOUSE_OVERSIGHT_033073",false
"HOUSE_OVERSIGHT_033074",false
"HOUSE_OVERSIGHT_033075",false
"HOUSE_OVERSIGHT_033076",false
"HOUSE_OVERSIGHT_033077",false
"HOUSE_OVERSIGHT_033078",false
"HOUSE_OVERSIGHT_033079",false
"HOUSE_OVERSIGHT_033081",false
"HOUSE_OVERSIGHT_033082",false
"HOUSE_OVERSIGHT_033084",false
"HOUSE_OVERSIGHT_033087",false
"HOUSE_OVERSIGHT_033088",false
"HOUSE_OVERSIGHT_033090",false
"HOUSE_OVERSIGHT_033091",false
"HOUSE_OVERSIGHT_033092",false
"HOUSE_OVERSIGHT_033094",false
"HOUSE_OVERSIGHT_033095",false
"HOUSE_OVERSIGHT_033096",false
"HOUSE_OVERSIGHT_033097",false
"HOUSE_OVERSIGHT_033098",false
"HOUSE_OVERSIGHT_033100",false
"HOUSE_OVERSIGHT_033103",false
"HOUSE_OVERSIGHT_033107",false
"HOUSE_OVERSIGHT_033108",false
"HOUSE_OVERSIGHT_033110",false
"HOUSE_OVERSIGHT_033111",false
"HOUSE_OVERSIGHT_033112",false
"HOUSE_OVERSIGHT_033114",false
"HOUSE_OVERSIGHT_033115",false
"HOUSE_OVERSIGHT_033120",false
"HOUSE_OVERSIGHT_033122",false
"HOUSE_OVERSIGHT_033124",false
"HOUSE_OVERSIGHT_033125",false
"HOUSE_OVERSIGHT_033127",false
"HOUSE_OVERSIGHT_033129",false
"HOUSE_OVERSIGHT_033133",false
"HOUSE_OVERSIGHT_033137",false
"HOUSE_OVERSIGHT_033138",false
"HOUSE_OVERSIGHT_033139",false
"HOUSE_OVERSIGHT_033140",false
"HOUSE_OVERSIGHT_033142",false
"HOUSE_OVERSIGHT_033144",false
"HOUSE_OVERSIGHT_033145",false
"HOUSE_OVERSIGHT_033146",false
"HOUSE_OVERSIGHT_033147",false
"HOUSE_OVERSIGHT_033148",false
"HOUSE_OVERSIGHT_033149",false
"HOUSE_OVERSIGHT_033150",false
"HOUSE_OVERSIGHT_033151",false
"HOUSE_OVERSIGHT_033152",false
"HOUSE_OVERSIGHT_033153",false
"HOUSE_OVERSIGHT_033154",false
"HOUSE_OVERSIGHT_033155",false
"HOUSE_OVERSIGHT_033156",false
"HOUSE_OVERSIGHT_033157",false
"HOUSE_OVERSIGHT_033162",false
"HOUSE_OVERSIGHT_033163",false
"HOUSE_OVERSIGHT_033164",false
"HOUSE_OVERSIGHT_033166",false
"HOUSE_OVERSIGHT_033167",false
"HOUSE_OVERSIGHT_033168",false
"HOUSE_OVERSIGHT_033169",false
"HOUSE_OVERSIGHT_033170",false
"HOUSE_OVERSIGHT_033171",false
"HOUSE_OVERSIGHT_033173",false
"HOUSE_OVERSIGHT_033174",false
"HOUSE_OVERSIGHT_033175",false
"HOUSE_OVERSIGHT_033176",false
"HOUSE_OVERSIGHT_033178",false
"HOUSE_OVERSIGHT_033179",false
"HOUSE_OVERSIGHT_033180",false
"HOUSE_OVERSIGHT_033183",false
"HOUSE_OVERSIGHT_033184",false
"HOUSE_OVERSIGHT_033187",false
"HOUSE_OVERSIGHT_033188",false
"HOUSE_OVERSIGHT_033189",false
"HOUSE_OVERSIGHT_033191",false
"HOUSE_OVERSIGHT_033192",false
"HOUSE_OVERSIGHT_033193",false
"HOUSE_OVERSIGHT_033194",false
"HOUSE_OVERSIGHT_033195",false
"HOUSE_OVERSIGHT_033196",false
"HOUSE_OVERSIGHT_033197",false
"HOUSE_OVERSIGHT_033198",false
"HOUSE_OVERSIGHT_033199",false
"HOUSE_OVERSIGHT_033200",false
"HOUSE_OVERSIGHT_033201",false
"HOUSE_OVERSIGHT_033202",false
"HOUSE_OVERSIGHT_033203",false
"HOUSE_OVERSIGHT_033204",false
"HOUSE_OVERSIGHT_033206",false
"HOUSE_OVERSIGHT_033207",false
"HOUSE_OVERSIGHT_033208",false
"HOUSE_OVERSIGHT_033209",false
"HOUSE_OVERSIGHT_033210",false
"HOUSE_OVERSIGHT_033212",false
"HOUSE_OVERSIGHT_033213",false
"HOUSE_OVERSIGHT_033214",false
"HOUSE_OVERSIGHT_033215",false
"HOUSE_OVERSIGHT_033216",false
"HOUSE_OVERSIGHT_033217",false
"HOUSE_OVERSIGHT_033218",false
"HOUSE_OVERSIGHT_033222",false
"HOUSE_OVERSIGHT_033224",false
"HOUSE_OVERSIGHT_033225",false
"HOUSE_OVERSIGHT_033226",false
"HOUSE_OVERSIGHT_033227",false
"HOUSE_OVERSIGHT_033228",false
"HOUSE_OVERSIGHT_033229",false
"HOUSE_OVERSIGHT_033230",false
"HOUSE_OVERSIGHT_033232",false
"HOUSE_OVERSIGHT_033233",false
"HOUSE_OVERSIGHT_033234",false
"HOUSE_OVERSIGHT_033235",false
"HOUSE_OVERSIGHT_033238",false
"HOUSE_OVERSIGHT_033239",false
"HOUSE_OVERSIGHT_033240",false
"HOUSE_OVERSIGHT_033241",false
"HOUSE_OVERSIGHT_033243",false
"HOUSE_OVERSIGHT_033244",false
"HOUSE_OVERSIGHT_033245",false
"HOUSE_OVERSIGHT_033246",false
"HOUSE_OVERSIGHT_033247",false
"HOUSE_OVERSIGHT_033249",false
"HOUSE_OVERSIGHT_033251",false
"HOUSE_OVERSIGHT_033252",false
"HOUSE_OVERSIGHT_033255",false
"HOUSE_OVERSIGHT_033256",false
"HOUSE_OVERSIGHT_033257",false
"HOUSE_OVERSIGHT_033259",false
"HOUSE_OVERSIGHT_033260",false
"HOUSE_OVERSIGHT_033261",false
"HOUSE_OVERSIGHT_033262",false
"HOUSE_OVERSIGHT_033263",false
"HOUSE_OVERSIGHT_033264",false
"HOUSE_OVERSIGHT_033265",false
"HOUSE_OVERSIGHT_033266",false
"HOUSE_OVERSIGHT_033267",false
"HOUSE_OVERSIGHT_033268",false
"HOUSE_OVERSIGHT_033269",false
"HOUSE_OVERSIGHT_033270",false
"HOUSE_OVERSIGHT_033271",false
"HOUSE_OVERSIGHT_033272",false
"HOUSE_OVERSIGHT_033273",false
"HOUSE_OVERSIGHT_033275",false
"HOUSE_OVERSIGHT_033276",false
"HOUSE_OVERSIGHT_033277",false
"HOUSE_OVERSIGHT_033278",false
"HOUSE_OVERSIGHT_033279",false
"HOUSE_OVERSIGHT_033280",false
"HOUSE_OVERSIGHT_033281",false
"HOUSE_OVERSIGHT_033282",false
"HOUSE_OVERSIGHT_033283",false
"HOUSE_OVERSIGHT_033284",false
"HOUSE_OVERSIGHT_033285",false
"HOUSE_OVERSIGHT_033286",false
"HOUSE_OVERSIGHT_033287",false
"HOUSE_OVERSIGHT_033288",false
"HOUSE_OVERSIGHT_033289",false
"HOUSE_OVERSIGHT_033291",false
"HOUSE_OVERSIGHT_033292",false
"HOUSE_OVERSIGHT_033293",false
"HOUSE_OVERSIGHT_033295",false
"HOUSE_OVERSIGHT_033296",false
"HOUSE_OVERSIGHT_033297",false
"HOUSE_OVERSIGHT_033298",false
"HOUSE_OVERSIGHT_033299",false
"HOUSE_OVERSIGHT_033300",false
"HOUSE_OVERSIGHT_033301",false
"HOUSE_OVERSIGHT_033304",false
"HOUSE_OVERSIGHT_033305",false
"HOUSE_OVERSIGHT_033306",false
"HOUSE_OVERSIGHT_033307",false
"HOUSE_OVERSIGHT_033308",false
"HOUSE_OVERSIGHT_033309",false
"HOUSE_OVERSIGHT_033310",false
"HOUSE_OVERSIGHT_033311",false
"HOUSE_OVERSIGHT_033312",false
"HOUSE_OVERSIGHT_033313",false
"HOUSE_OVERSIGHT_033314",false
"HOUSE_OVERSIGHT_033315",false
"HOUSE_OVERSIGHT_033316",false
"HOUSE_OVERSIGHT_033326",false
"HOUSE_OVERSIGHT_033327",false
"HOUSE_OVERSIGHT_033328",false
"HOUSE_OVERSIGHT_033329",false
"HOUSE_OVERSIGHT_033332",false
"HOUSE_OVERSIGHT_033333",false
"HOUSE_OVERSIGHT_033334",false
"HOUSE_OVERSIGHT_033335",false
"HOUSE_OVERSIGHT_033336",false
"HOUSE_OVERSIGHT_033337",false
"HOUSE_OVERSIGHT_033339",false
"HOUSE_OVERSIGHT_033340",false
"HOUSE_OVERSIGHT_033341",false
"HOUSE_OVERSIGHT_033342",false
"HOUSE_OVERSIGHT_033343",false
"HOUSE_OVERSIGHT_033344",false
"HOUSE_OVERSIGHT_033345",false
"HOUSE_OVERSIGHT_033352",false
"HOUSE_OVERSIGHT_033353",false
"HOUSE_OVERSIGHT_033354",false
"HOUSE_OVERSIGHT_033355",false
"HOUSE_OVERSIGHT_033356",false
"HOUSE_OVERSIGHT_033357",false
"HOUSE_OVERSIGHT_033358",false
"HOUSE_OVERSIGHT_033359",false
"HOUSE_OVERSIGHT_033360",false
"HOUSE_OVERSIGHT_033361",false
"HOUSE_OVERSIGHT_033362",false
"HOUSE_OVERSIGHT_033368",false
"HOUSE_OVERSIGHT_033369",false
"HOUSE_OVERSIGHT_033370",false
"HOUSE_OVERSIGHT_033371",false
"HOUSE_OVERSIGHT_033372",false
"HOUSE_OVERSIGHT_033374",false
"HOUSE_OVERSIGHT_033375",false
"HOUSE_OVERSIGHT_033377",false
"HOUSE_OVERSIGHT_033383",false
"HOUSE_OVERSIGHT_033384",false
"HOUSE_OVERSIGHT_033386",false
"HOUSE_OVERSIGHT_033388",false
"HOUSE_OVERSIGHT_033389",false
"HOUSE_OVERSIGHT_033390",false
"HOUSE_OVERSIGHT_033391",false
"HOUSE_OVERSIGHT_033393",false
"HOUSE_OVERSIGHT_033395",false
"HOUSE_OVERSIGHT_033398",false
"HOUSE_OVERSIGHT_033399",false
"HOUSE_OVERSIGHT_033400",false
"HOUSE_OVERSIGHT_033401",false
"HOUSE_OVERSIGHT_033402",false
"HOUSE_OVERSIGHT_033403",false
"HOUSE_OVERSIGHT_033405",false
"HOUSE_OVERSIGHT_033410",false
"HOUSE_OVERSIGHT_033411",false
"HOUSE_OVERSIGHT_033412",false
"HOUSE_OVERSIGHT_033414",false
"HOUSE_OVERSIGHT_033416",false
"HOUSE_OVERSIGHT_033418",false
"HOUSE_OVERSIGHT_033419",false
"HOUSE_OVERSIGHT_033420",false
"HOUSE_OVERSIGHT_033422",false
"HOUSE_OVERSIGHT_033423",false
"HOUSE_OVERSIGHT_033424",false
"HOUSE_OVERSIGHT_033425",false
"HOUSE_OVERSIGHT_033426",false
"HOUSE_OVERSIGHT_033429",false
"HOUSE_OVERSIGHT_033430",false
"HOUSE_OVERSIGHT_033431",false
"HOUSE_OVERSIGHT_033435",false
"HOUSE_OVERSIGHT_033437",false
"HOUSE_OVERSIGHT_033440",false
"HOUSE_OVERSIGHT_033444",false
"HOUSE_OVERSIGHT_033448",false
"HOUSE_OVERSIGHT_033453",false
"HOUSE_OVERSIGHT_033454",false
"HOUSE_OVERSIGHT_033455",false
"HOUSE_OVERSIGHT_033456",false
"HOUSE_OVERSIGHT_033458",false
"HOUSE_OVERSIGHT_033460",false
"HOUSE_OVERSIGHT_033463",false
"HOUSE_OVERSIGHT_033466",false
"HOUSE_OVERSIGHT_033482",false
"HOUSE_OVERSIGHT_033484",false
"HOUSE_OVERSIGHT_033485",false
"HOUSE_OVERSIGHT_033486",false
"HOUSE_OVERSIGHT_033487",false
"HOUSE_OVERSIGHT_033488",false
"HOUSE_OVERSIGHT_033489",false
"HOUSE_OVERSIGHT_033490",false
"HOUSE_OVERSIGHT_033491",false
"HOUSE_OVERSIGHT_033495",false
"HOUSE_OVERSIGHT_033498",false
"HOUSE_OVERSIGHT_033503",false
"HOUSE_OVERSIGHT_033508",false
"HOUSE_OVERSIGHT_033512",false
"HOUSE_OVERSIGHT_033513",false
"HOUSE_OVERSIGHT_033515",false
"HOUSE_OVERSIGHT_033517",false
"HOUSE_OVERSIGHT_033528",false
"HOUSE_OVERSIGHT_033561",false
"HOUSE_OVERSIGHT_033563",false
"HOUSE_OVERSIGHT_033564",false
"HOUSE_OVERSIGHT_033565",false
"HOUSE_OVERSIGHT_033566",false
"HOUSE_OVERSIGHT_033567",false
"HOUSE_OVERSIGHT_033568",false
"HOUSE_OVERSIGHT_033575",false
"HOUSE_OVERSIGHT_033576",false
"HOUSE_OVERSIGHT_033577",false
"HOUSE_OVERSIGHT_033578",false
"HOUSE_OVERSIGHT_033579",false
"HOUSE_OVERSIGHT_033580",false
"HOUSE_OVERSIGHT_033581",false
"HOUSE_OVERSIGHT_033582",false
"HOUSE_OVERSIGHT_033583",false
"HOUSE_OVERSIGHT_033584",false
"HOUSE_OVERSIGHT_033585",false
"HOUSE_OVERSIGHT_033586",false
"HOUSE_OVERSIGHT_033587",false
"HOUSE_OVERSIGHT_033589",false
"HOUSE_OVERSIGHT_033591",false
"HOUSE_OVERSIGHT_033593",false
"HOUSE_OVERSIGHT_033594",false
"HOUSE_OVERSIGHT_033596",true
"HOUSE_OVERSIGHT_033599",false